,,,,Per Game,Per Game,Per Game,Per Game,,,,,Corsi (EV),PDO (EV),Zone Starts (EV),Zone Starts (EV),Ice Time,Even Strength,Power Play,Scoring,Scoring,Goals,Goals,Scoring,Assists,Assists,Power Play,Power Play,Scoring
Player,Age,Tm,Pos,PTS,G,A,S,S,S%,SAtt.,Thru%,CF% rel,PDO,oZS%,dZS%,ATOI,TOI,TOI,GP,G,EV,PP,A,EV,PP,PPG/G,PPA/G,PTS
Jeff Skinner,18,CAR,RW,0.77,0.38,0.39,2.62,215,14.4,400,52.8,1.2,102,53.4,46.6,16:44,1372,3:11,82,31,25,6,32,20,12,0.073,0.146,63
Alexander Burmistrov,19,ATL,C,0.27,0.08,0.19,1.24,92,6.5,162,55.6,-3.3,98.5,55.9,44.1,13:13,978,0:18,74,6,6,0,14,13,0,0,0,20
Cam Fowler,19,ANA,D,0.53,0.13,0.39,1.62,123,8.1,255,48.2,-5.2,98.2,52.4,47.6,22:08,1682,3:37,76,10,4,6,30,13,17,0.079,0.224,40
Evander Kane,19,ATL,C,0.59,0.26,0.33,3.21,234,8.1,369,61.8,-2.4,97.8,54.4,45.6,17:52,1304,2:16,73,19,15,4,24,20,4,0.055,0.055,43
Jacob Josefson,19,NJD,C,0.36,0.11,0.25,1.11,31,9.7,55,54.5,-5.4,102.8,58,42,13:14,371,1:45,28,3,3,0,7,4,3,0,0.107,10
Magnus Paajarvi,19,EDM,LW,0.43,0.19,0.24,2.25,180,8.3,316,56.6,1.9,98.7,51.3,48.7,15:23,1231,1:50,80,15,12,3,19,13,6,0.038,0.075,34
Nick Leddy,19,CHI,D,0.15,0.09,0.07,0.8,37,10.8,68,54.4,-5.3,98.1,62.2,37.8,14:19,658,0:12,46,4,4,0,3,2,1,0,0.022,7
Oliver Ekman-Larsson,19,PHX,D,0.23,0.02,0.21,1.04,50,2,117,42.7,1.3,100.3,52,48,15:02,722,0:59,48,1,1,0,10,8,2,0,0.042,11
Ryan O'Reilly,19,COL,C,0.35,0.18,0.18,1.61,119,10.9,181,65.7,3.6,97.8,40.4,59.6,16:03,1188,0:37,74,13,10,2,13,10,2,0.027,0.027,26
Taylor Hall,19,EDM,LW,0.65,0.34,0.31,2.86,186,11.8,363,51.2,5.4,99.6,52.4,47.6,18:13,1184,2:43,65,22,14,8,20,17,3,0.123,0.046,42
Tyler Seguin,19,BOS,C,0.3,0.15,0.15,1.77,131,8.4,207,63.3,-4.5,100,51.2,48.8,12:13,904,1:21,74,11,10,1,11,9,2,0.014,0.027,22
Andrei Loktionov,20,LAK,C,0.37,0.21,0.16,1.37,26,15.4,54,48.1,-2.8,103.8,52.9,47.1,14:46,280,2:34,19,4,4,0,3,2,1,0,0.053,7
Brandon McMillan,20,ANA,LW,0.35,0.18,0.17,1.28,77,14.3,133,57.9,-7.9,99.3,52.5,47.5,14:04,844,0:23,60,11,7,2,10,7,1,0.033,0.017,21
Derek Stepan,20,NYR,C,0.55,0.26,0.29,2.02,166,12.7,309,53.7,2.9,100.5,64,36,16:27,1348,2:22,82,21,18,3,24,17,7,0.037,0.085,45
Dmitry Kulikov,20,FLA,D,0.36,0.08,0.28,1.15,83,7.2,213,39,-0.3,99.3,52.9,47.1,19:57,1436,2:36,72,6,5,1,20,16,4,0.014,0.056,26
Erik Karlsson,20,OTT,D,0.6,0.17,0.43,2.43,182,7.1,375,48.5,0.3,96.6,57.3,42.7,23:31,1764,3:39,75,13,9,4,32,14,17,0.053,0.227,45
John Tavares,20,NYI,C,0.85,0.37,0.48,3.08,243,11.9,404,60.1,2,98.6,55.6,44.4,19:15,1521,3:29,79,29,20,9,38,23,15,0.114,0.19,67
Jordan Caron,20,BOS,RW,0.3,0.13,0.17,1.17,27,11.1,49,55.1,-5,104,49.3,50.7,12:40,291,0:04,23,3,3,0,4,4,0,0,0,7
Jordan Eberle,20,EDM,C,0.62,0.26,0.36,2.29,158,11.4,286,55.2,4.1,97.5,48.7,51.3,17:41,1220,2:32,69,18,12,4,25,18,7,0.058,0.101,43
Kyle Clifford,20,LAK,LW,0.18,0.09,0.09,0.91,69,10.1,130,53.1,-5.8,98,52.5,47.5,9:30,722,0:01,76,7,7,0,7,7,0,0,0,14
Lance Bouma,20,CGY,C,0.06,0,0.06,0.56,9,0,17,52.9,1.5,97.4,58,42,5:52,94,0:00,16,0,0,0,1,1,0,0,0,1
Luke Adam,20,BUF,LW,0.21,0.16,0.05,1.63,31,9.7,50,62,-6,97.1,53.6,46.4,11:13,213,1:36,19,3,3,0,1,0,1,0,0.053,4
Marco Scandella,20,MIN,D,0.1,0,0.1,0.65,13,0,27,48.1,-3.6,94,53.9,46.1,14:58,299,0:10,20,0,0,0,2,2,0,0,0,2
Marcus Johansson,20,WSH,C,0.39,0.19,0.2,1.48,102,12.7,177,57.6,-4.5,101.8,58.4,41.6,14:43,1016,0:57,69,13,10,2,14,13,1,0.029,0.014,27
Matt Duchene,20,COL,C,0.84,0.34,0.5,2.53,202,13.4,356,56.7,-0.6,99.8,55.8,44.2,18:57,1516,2:50,80,27,24,3,40,28,12,0.038,0.15,67
Mattias Tedenby,20,NJD,LW,0.38,0.14,0.24,1.5,87,9.2,134,63.4,0.9,100.7,56.7,43.3,12:33,728,1:52,58,8,6,2,14,11,3,0.034,0.052,22
Michael Del Zotto,20,NYR,D,0.23,0.04,0.19,1.23,58,3.4,152,38.2,1.7,98.1,53,47,19:29,916,3:45,47,2,0,2,9,4,5,0.043,0.106,11
Nazem Kadri,20,TOR,C,0.41,0.1,0.31,1.76,51,5.9,94,54.3,4.4,100.1,52.8,47.2,15:47,457,2:35,29,3,3,0,9,7,2,0,0.069,12
Nikita Filatov,20,CBJ,LW,0.3,0,0.3,1.35,31,0,61,50.8,3.6,102.5,55,45,12:19,283,2:34,23,0,0,0,7,4,3,0,0.13,7
Patrice Cormier,20,ATL,C,0.1,0.05,0.05,1.29,27,3.7,38,71.1,-6.4,96.2,45.1,54.9,9:39,203,0:13,21,1,1,0,1,1,0,0,0,2
Philip McRae,20,STL,C,0.2,0.07,0.13,0.87,13,7.7,25,52,-16.3,87.8,65.1,34.9,9:02,136,0:13,15,1,1,0,2,2,0,0,0,3
Steven Stamkos,20,TBL,C,1.11,0.55,0.56,3.32,272,16.5,518,52.3,-0.7,101.9,49.3,50.7,20:12,1656,4:32,82,45,28,17,46,27,19,0.207,0.232,91
Tomas Vincour,20,DAL,C,0.08,0.04,0.04,1.08,26,3.8,52,50,4.3,94.9,64,36,9:26,226,0:08,24,1,1,0,1,1,0,0,0,2
Travis Hamonic,20,NYI,D,0.42,0.08,0.34,1.9,118,4.2,253,45.5,2.7,99.7,46.5,53.5,21:34,1338,1:58,62,5,4,1,21,17,3,0.016,0.048,26
Tyler Myers,20,BUF,D,0.46,0.13,0.34,1.53,122,8.2,270,45.2,5.2,98.8,52.8,47.2,22:27,1797,2:47,80,10,7,3,27,16,11,0.038,0.138,37
Victor Hedman,20,TBL,D,0.33,0.04,0.29,1.28,101,3,243,41.6,2.7,98.6,49.1,50.9,21:01,1660,1:38,79,3,3,0,23,20,3,0,0.038,26
Zach Bogosian,20,ATL,D,0.24,0.07,0.17,2.18,155,3.2,300,50.7,-6.7,97.2,47.9,52.1,22:24,1591,1:58,71,5,5,0,12,8,4,0,0.056,17
Alex Pietrangelo,21,STL,D,0.54,0.14,0.41,2.04,161,6.8,352,45.7,4.2,100.1,56.6,43.4,22:00,1738,3:00,79,11,7,4,32,21,10,0.051,0.127,43
Brandon Sutter,21,CAR,C,0.35,0.17,0.18,1.77,145,9.7,241,59.8,-5.4,103.1,43.7,56.3,16:51,1382,0:45,82,14,13,1,15,12,2,0.012,0.024,29
Chris Tanev,21,VAN,D,0.03,0,0.03,0.52,15,0,38,39.5,0,98.8,42.2,57.8,13:47,400,0:04,29,0,0,0,1,0,1,0,0.034,1
Colin Wilson,21,NSH,C,0.41,0.2,0.22,1.23,101,15.8,186,54.3,-0.1,102.7,52,48,13:18,1090,1:40,82,16,14,2,18,14,4,0.024,0.049,34
Dana Tyrell,21,TBL,C,0.19,0.08,0.12,0.94,73,8.2,118,61.9,-5.9,97.4,45.3,54.7,12:03,940,0:06,78,6,6,0,9,9,0,0,0,15
Drayson Bowman,21,CAR,C,0.04,0,0.04,1.22,28,0,61,44.3,0.7,99.9,44.6,55.4,9:49,226,0:27,23,0,0,0,1,1,0,0,0,1
Drew Doughty,21,LAK,D,0.53,0.14,0.38,1.83,139,7.9,341,40.8,1.9,101.1,53.5,46.5,25:39:00,1949,4:10,76,11,6,5,29,19,10,0.066,0.132,40
Eric Tangradi,21,PIT,LW,0.2,0.07,0.13,1.2,18,5.6,25,72,-9.1,94.7,52.6,47.4,11:12,168,1:39,15,1,1,0,2,2,0,0,0,3
Evgeni Dadonov,21,FLA,RW,0.47,0.22,0.25,1.67,60,13.3,101,59.4,3.3,100.4,50.4,49.6,14:15,513,0:54,36,8,7,1,9,9,0,0.028,0,17
Ian Cole,21,STL,D,0.15,0.04,0.12,0.85,22,4.5,58,37.9,1.1,102.1,54.7,45.3,17:36,458,0:26,26,1,1,0,3,3,0,0,0,4
Jakub Voracek,21,CBJ,RW,0.58,0.18,0.4,2.29,183,7.7,299,61.2,3.6,99,58.1,41.9,16:58,1358,2:57,80,14,12,2,32,26,6,0.025,0.075,46
James van Riemsdyk,21,PHI,LW,0.53,0.28,0.25,2.31,173,12.1,303,57.1,-2.7,102.5,52.7,47.3,14:32,1090,1:19,75,21,18,3,19,18,1,0.04,0.013,40
Jamie Benn,21,DAL,LW,0.81,0.32,0.49,2.57,177,12.4,325,54.2,0.1,100.1,59.1,40.9,18:01,1243,2:17,69,22,12,6,34,27,5,0.087,0.072,56
Jared Spurgeon,21,MIN,D,0.23,0.08,0.15,0.72,38,10.5,80,47.5,1.2,100.2,54.4,45.6,15:04,799,1:28,53,4,2,2,8,4,4,0.038,0.075,12
John Carlson,21,WSH,D,0.45,0.09,0.37,1.76,144,4.9,308,46.4,2.7,102,50.4,49.6,22:39,1857,2:14,82,7,6,1,30,25,5,0.012,0.061,37
Josh Bailey,21,NYI,C,0.4,0.16,0.24,1.46,102,10.8,162,63,-3,97.6,43,57,17:50,1248,2:23,70,11,6,5,17,10,4,0.071,0.057,28
Keith Aulie,21,TOR,D,0.05,0.05,0,0.8,32,6.3,76,42.1,-7.2,102.3,43.4,56.6,19:08,765,0:14,40,2,2,0,0,0,0,0,0,2
Kyle Turris,21,PHX,C,0.38,0.17,0.22,1.78,116,9.5,186,62.4,3.1,100.3,66.2,33.8,11:16,733,1:26,65,11,11,0,14,13,1,0,0.015,25
Lars Eller,21,MTL,C,0.22,0.09,0.13,1.03,79,8.9,171,46.2,0.5,99.1,51.6,48.4,11:08,858,0:17,77,7,7,0,10,10,0,0,0,17
Logan Couture,21,SJS,C,0.71,0.41,0.3,3.2,253,12.6,431,58.7,3.3,101.4,51.2,48.8,17:49,1408,2:11,79,32,22,10,24,20,4,0.127,0.051,56
Luca Sbisa,21,ANA,D,0.16,0.03,0.13,1.12,76,2.6,148,51.4,-5.3,98.7,56.1,43.9,16:48,1142,1:18,68,2,1,1,9,7,0,0.015,0,11
Luke Schenn,21,TOR,D,0.27,0.06,0.21,1.56,128,3.9,311,41.2,-1.6,99.5,49.4,50.6,22:22,1834,0:59,82,5,5,0,17,16,0,0,0,22
Matt Calvert,21,CBJ,LW,0.48,0.26,0.21,1.19,50,22,83,59,2.7,100.5,63.2,36.8,11:06,466,0:58,42,11,8,3,9,8,1,0.071,0.024,20
Matt Martin,21,NYI,LW,0.21,0.07,0.13,0.88,60,8.3,130,44.6,-10.3,99.2,45.4,54.6,10:57,745,0:13,68,5,5,0,9,8,0,0,0,14
Mikael Backlund,21,CGY,C,0.34,0.14,0.21,1.97,144,6.9,240,60,6.6,98.7,53.5,46.5,12:05,882,0:36,73,10,8,2,15,12,2,0.027,0.027,25
Mikkel Boedker,21,PHX,LW,0.41,0.12,0.29,1.15,39,10.3,76,51.3,3.5,107.7,56.1,43.9,10:54,371,1:17,34,4,4,0,10,8,2,0,0.059,14
Nick Palmieri,21,NJD,RW,0.4,0.21,0.19,1.53,66,13.6,126,52.4,-1.2,103.5,57.6,42.4,14:20,616,0:33,43,9,8,1,8,7,1,0.023,0.023,17
P.K. Subban,21,MTL,D,0.49,0.18,0.31,2.56,197,7.1,390,50.5,4.6,97.7,49,51,22:16,1715,3:04,77,14,5,9,24,15,9,0.117,0.117,38
Ryan McDonagh,21,NYR,D,0.23,0.03,0.2,0.68,27,3.7,70,38.6,-1.8,102.7,50.4,49.6,18:44,750,0:06,40,1,1,0,8,6,0,0,0,9
Sam Gagner,21,EDM,C,0.62,0.22,0.4,2.03,138,10.9,242,57,4.8,97.4,49.9,50.1,17:45,1207,2:56,68,15,11,3,27,21,6,0.044,0.088,42
Scott Timmins,21,FLA,C,0.05,0.05,0,0.68,13,7.7,31,41.9,2.6,90.8,44.3,55.7,10:49,206,0:01,19,1,1,0,0,0,0,0,0,1
Tyler Ennis,21,BUF,C,0.6,0.24,0.35,2.56,210,9.5,340,61.8,-1.7,101,54.8,45.2,15:40,1285,2:16,82,20,15,5,29,20,9,0.061,0.11,49
Zac Dalpe,21,CAR,C,0.27,0.2,0.07,1.07,16,18.8,28,57.1,-6.1,103.2,51,49,7:56,119,0:04,15,3,3,0,1,1,0,0,0,4
Zach Boychuk,21,CAR,C,0.3,0.17,0.13,1.91,44,9.1,63,69.8,-4.3,99.5,43.9,56.1,10:43,247,0:47,23,4,3,1,3,3,0,0.043,0,7
Alexander Vasyunov,22,NJD,LW,0.28,0.06,0.22,1,18,5.6,32,56.3,7.5,98.1,54.4,45.6,11:29,207,0:04,18,1,1,0,4,4,0,0,0,5
Artem Anisimov,22,NYR,C,0.54,0.22,0.32,2.32,190,9.5,335,56.7,-0.7,100.4,50,50,16:12,1329,1:47,82,18,15,3,26,21,5,0.037,0.061,44
Blake Geoffrion,22,NSH,LW,0.4,0.3,0.1,1.2,24,25,35,68.6,2.8,104.4,58.3,41.7,8:16,165,0:01,20,6,6,0,2,2,0,0,0,8
Brad Marchand,22,BOS,C,0.53,0.27,0.26,1.94,149,14.1,226,65.5,-0.3,103,50,50,13:59,1077,0:32,77,21,14,2,20,18,1,0.026,0.013,41
Dustin Jeffrey,22,PIT,C,0.48,0.28,0.2,1.56,39,17.9,70,55.7,4,101.6,54.2,45.8,12:58,324,1:54,25,7,6,1,5,5,0,0.04,0,12
Erik Johnson,22,TOT,D,0.38,0.1,0.27,2.09,161,5,315,51.1,-0.9,98.1,53.7,46.3,22:49,1757,2:43,77,8,4,3,21,13,7,0.039,0.091,29
Jamie McBain,22,CAR,D,0.39,0.09,0.3,1.25,95,7.4,220,42.7,-0.9,100,48.9,51.1,19:06,1452,2:45,76,7,6,1,23,16,7,0.013,0.092,30
Jamie McGinn,22,SJS,LW,0.12,0.02,0.1,1.29,63,1.6,121,52.1,-7,98.3,44.5,55.5,11:35,568,0:05,49,1,1,0,5,5,0,0,0,6
Jason Demers,22,SJS,D,0.32,0.03,0.29,1.4,105,1.9,245,42.9,3.2,101.8,48.3,51.7,19:30,1462,2:11,75,2,2,0,22,16,6,0,0.08,24
Jiri Tlusty,22,CAR,C,0.21,0.11,0.11,0.93,53,11.3,102,52,-1.7,101.3,45.1,54.9,9:52,562,0:09,57,6,6,0,6,6,0,0,0,12
Jonathan Toews,22,CHI,C,0.95,0.4,0.55,2.91,233,13.7,344,67.7,4.1,101.6,62.3,37.7,20:46,1661,3:05,80,32,21,10,44,28,15,0.125,0.188,76
Jonathon Blum,22,NSH,D,0.35,0.13,0.22,0.78,18,16.7,40,45,-3.2,105.6,49.8,50.2,17:45,408,1:23,23,3,2,1,5,5,0,0.043,0,8
Jordan Staal,22,PIT,C,0.71,0.26,0.45,2.17,91,12.1,166,54.8,2.2,101.1,49,51,21:21,897,3:09,42,11,8,3,19,13,4,0.071,0.095,30
Justin Falk,22,MIN,D,0.14,0,0.14,0.32,7,0,21,33.3,-3,100.7,36.7,63.3,14:09,311,0:04,22,0,0,0,3,3,0,0,0,3
Karl Alzner,22,WSH,D,0.15,0.02,0.12,0.78,64,3.1,140,45.7,0.4,101.7,49.6,50.4,20:01,1641,0:22,82,2,2,0,10,10,0,0,0,12
Keaton Ellerby,22,FLA,D,0.22,0.04,0.19,1.04,56,3.6,137,40.9,1.4,95.7,51.7,48.3,16:06,869,0:23,54,2,2,0,10,9,1,0,0.019,12
Kevin Shattenkirk,22,TOT,D,0.6,0.13,0.47,1.5,108,8.3,244,44.3,0.6,99.1,60.7,39.3,19:50,1429,2:57,72,9,6,3,34,22,12,0.042,0.167,43
Kyle Okposo,22,NYI,RW,0.53,0.13,0.39,1.89,72,6.9,163,44.2,5.7,98.8,45.8,54.2,16:35,630,2:32,38,5,5,0,15,10,5,0,0.132,20
Matt Beleskey,22,ANA,LW,0.29,0.09,0.2,1.66,58,5.2,94,61.7,-5.8,98.9,53.2,46.8,12:59,454,0:21,35,3,3,0,7,6,0,0,0,10
Matt Halischuk,22,NSH,RW,0.44,0.15,0.3,1.07,29,13.8,55,52.7,-4.5,106.3,58.5,41.5,10:08,273,0:04,27,4,4,0,8,8,0,0,0,12
Matthew Corrente,22,NJD,D,0.27,0,0.27,0.95,21,0,40,52.5,-5.2,97.9,53.8,46.2,13:36,299,0:02,22,0,0,0,6,6,0,0,0,6
Max Pacioretty,22,MTL,LW,0.65,0.38,0.27,3.03,112,12.5,188,59.6,10.7,97.4,58.3,41.7,15:54,588,2:26,37,14,7,7,10,9,1,0.189,0.027,24
Michael Frolik,22,TOT,C,0.48,0.14,0.34,3.14,251,4.4,409,61.4,0.6,99.3,49.4,50.6,15:36,1247,1:41,80,11,10,1,27,22,5,0.013,0.063,38
Michal Repik,22,FLA,RW,0.26,0.06,0.19,1.74,54,3.7,94,57.4,3.6,96,41.8,58.2,12:47,396,0:54,31,2,2,0,6,5,1,0,0.032,8
Milan Lucic,22,BOS,LW,0.78,0.38,0.41,2.19,173,17.3,340,50.9,3,104.2,52.5,47.5,16:35,1310,2:30,79,30,25,5,32,23,9,0.063,0.114,62
Nick Bonino,22,ANA,C,0,0,0,0.88,23,0,41,56.1,-2.6,97.8,61.2,38.8,9:48,255,0:17,26,0,0,0,0,0,0,0,0,0
Nick Spaling,22,NSH,C,0.19,0.11,0.08,1.01,75,10.7,144,52.1,-5.9,98.9,42,58,13:56,1031,0:07,74,8,7,1,6,6,0,0.014,0,14
Patrick Kane,22,CHI,RW,1,0.37,0.63,2.96,216,12.5,378,57.1,2.5,99.3,68.8,31.3,19:17,1408,3:14,73,27,22,5,46,27,19,0.068,0.26,73
Patrik Berglund,22,STL,C,0.64,0.27,0.37,2.16,175,12.6,314,55.7,2.8,97.9,60,40,17:11,1392,2:53,81,22,14,8,30,20,9,0.099,0.111,52
Ryan White,22,MTL,RW,0.19,0.07,0.11,1.11,30,6.7,44,68.2,1.8,103.7,44.5,55.5,8:55,241,0:07,27,2,2,0,3,3,0,0,0,5
Shawn Matthias,22,FLA,C,0.31,0.12,0.2,1.76,90,6.7,135,66.7,-0.9,100,54.9,45.1,11:50,604,0:39,51,6,6,0,10,8,2,0,0.039,16
Steven Kampfer,22,BOS,D,0.26,0.13,0.13,1.5,57,8.8,130,43.8,3,101.8,49,51,17:44,674,1:52,38,5,5,0,5,2,3,0,0.079,10
T.J. Galiardi,22,COL,LW,0.43,0.2,0.23,1.77,62,11.3,110,56.4,-2,98.6,52.6,47.4,16:12,567,0:44,35,7,7,0,8,6,2,0,0.057,15
Ty Wishart,22,NYI,D,0.25,0.05,0.2,1.15,23,4.3,53,43.4,4.6,101,49.3,50.7,16:49,336,0:30,20,1,0,1,4,3,0,0.05,0,5
Wayne Simmonds,22,LAK,RW,0.38,0.18,0.2,1.46,117,12,226,51.8,-5.9,100.7,49.7,50.3,13:27,1076,0:50,80,14,13,1,16,16,0,0.013,0,30
Yannick Weber,22,MTL,D,0.27,0.02,0.24,1.54,63,1.6,162,38.9,4,100.3,57.7,42.3,16:34,679,1:52,41,1,1,0,10,5,5,0,0.122,11
Zack Smith,22,OTT,C,0.16,0.07,0.09,1.42,78,5.1,134,58.2,0.5,96.4,53.6,46.4,12:36,693,0:26,55,4,4,0,5,5,0,0,0,9
Alec Martinez,23,LAK,D,0.27,0.08,0.18,1.23,74,6.8,190,38.9,2.1,101.3,52.7,47.3,15:17,917,1:45,60,5,4,1,11,7,4,0.017,0.067,16
Andreas Nodl,23,PHI,RW,0.33,0.16,0.16,1.49,100,11,151,66.2,-3.2,102.7,44.6,55.4,13:16,889,0:15,67,11,9,1,11,11,0,0.015,0,22
Andrew Cogliano,23,EDM,C,0.43,0.13,0.29,1.57,129,8.5,233,54.9,1,98.2,48.1,51.9,17:15,1415,0:55,82,11,10,0,24,17,5,0,0.061,35
Anze Kopitar,23,LAK,C,0.97,0.33,0.64,3.11,233,10.7,410,56.8,1.9,103.5,52.5,47.5,21:35,1619,3:37,75,25,18,6,48,36,12,0.08,0.16,73
Benn Ferriero,23,SJS,C,0.27,0.15,0.12,1.7,56,8.9,111,50.5,4.1,103.1,51.5,48.5,13:05,432,0:56,33,5,4,1,4,4,0,0.03,0,9
Bobby Butler,23,OTT,LW,0.58,0.28,0.31,2.03,73,13.7,116,62.9,0.7,96,50.2,49.8,15:26,555,2:12,36,10,9,1,11,7,4,0.028,0.111,21
Bobby Ryan,23,ANA,RW,0.87,0.41,0.45,3.29,270,12.6,421,63.7,5.4,103.1,53.7,46.3,20:11,1655,2:24,82,34,28,5,37,32,5,0.061,0.061,71
Brendan Mikkelson,23,TOT,D,0.08,0,0.08,0.58,14,0,36,38.9,-3.5,97.6,50.3,49.7,14:14,341,0:14,24,0,0,0,2,2,0,0,0,2
Brian Lee,23,OTT,D,0.06,0,0.06,0.7,35,0,90,38.9,-3.8,96.8,48.4,51.6,17:17,865,0:05,50,0,0,0,3,3,0,0,0,3
Bryan Little,23,ATL,C,0.63,0.24,0.39,2.08,158,11.4,281,55.5,1.9,102,54.1,45.9,18:27,1403,2:26,76,18,14,2,30,21,8,0.026,0.105,48
Cal Clutterbuck,23,MIN,RW,0.45,0.25,0.2,2.51,191,9.9,333,57.4,-0.2,100.9,39.3,60.7,15:51,1204,2:05,76,19,15,4,15,13,1,0.053,0.013,34
Casey Wellman,23,MIN,C,0.13,0.07,0.07,1.33,20,5,34,58.8,-1.1,101,39.2,60.8,10:39,160,0:58,15,1,1,0,1,1,0,0,0,2
Chris Stewart,23,TOT,RW,0.85,0.45,0.4,2.61,162,17.3,245,66.1,1,98.7,55.7,44.3,17:29,1084,2:52,62,28,16,12,25,21,4,0.194,0.065,53
Claude Giroux,23,PHI,RW,0.93,0.3,0.62,2.06,169,14.8,303,55.8,3.3,100.5,50.2,49.8,19:24,1591,3:04,82,25,14,8,51,36,11,0.098,0.134,76
Cody Franson,23,NSH,D,0.36,0.1,0.26,1.95,156,5.1,304,51.3,1.2,102.1,50.5,49.5,15:11,1214,1:53,80,8,6,2,21,17,4,0.025,0.05,29
Dan Sexton,23,ANA,RW,0.28,0.09,0.19,1.66,78,5.1,118,66.1,-4,98.1,54.6,45.4,11:35,545,0:23,47,4,3,1,9,9,0,0.021,0,13
David Schlemko,23,PHX,D,0.33,0.09,0.23,1.09,47,8.5,92,51.1,1.5,102.7,48.3,51.7,16:02,690,1:36,43,4,4,0,10,5,5,0,0.116,14
Derek Joslin,23,TOT,D,0.26,0.06,0.21,1,34,5.9,77,44.2,-0.8,103.4,49.8,50.2,15:16,519,1:08,34,2,1,1,7,7,0,0.029,0,9
Derick Brassard,23,CBJ,C,0.64,0.23,0.41,2.47,183,9.3,304,60.2,-0.2,99,61.9,38.1,17:02,1260,2:58,74,17,11,6,30,20,10,0.081,0.135,47
Jack Skille,23,TOT,RW,0.31,0.13,0.18,2.48,154,5.2,242,63.2,2.4,95.6,58.2,41.8,11:55,739,0:36,62,8,7,1,11,11,0,0.016,0,19
Jakub Kindl,23,DET,D,0.08,0.04,0.04,1.29,62,3.2,123,50.4,-4.9,98.2,57.8,42.2,13:37,653,0:42,48,2,2,0,2,2,0,0,0,4
James Neal,23,TOT,LW,0.57,0.28,0.29,2.68,212,10.4,380,55.5,4.8,102.1,57.8,42.2,17:30,1382,2:34,79,22,17,5,23,18,5,0.063,0.063,45
Jan Mursak,23,DET,LW,0.05,0.05,0,1.05,20,5,34,58.8,7.4,93,61.4,38.6,8:12,156,0:03,19,1,1,0,0,0,0,0,0,1
Jeff Petry,23,EDM,D,0.14,0.03,0.11,1.17,41,2.4,118,34.7,0.2,95.7,49.1,50.9,20:22,713,2:11,35,1,1,0,4,1,3,0,0.086,5
Jerome Samson,23,CAR,RW,0.09,0,0.09,1.22,28,0,61,45.9,3,99.4,51.5,48.5,6:51,158,0:04,23,0,0,0,2,2,0,0,0,2
Jesse Joensuu,23,NYI,RW,0.21,0.14,0.07,0.98,41,14.6,74,55.4,-5.9,100.4,44.9,55.1,11:35,486,0:07,42,6,6,0,3,3,0,0,0,9
Jonas Holos,23,COL,D,0.15,0,0.15,0.92,36,0,85,42.4,-1,100.2,47,53,18:03,704,1:38,39,0,0,0,6,4,1,0,0.026,6
Justin Abdelkader,23,DET,LW,0.26,0.09,0.16,1.74,129,5.4,226,57.1,-0.4,101.9,58.8,41.2,12:18,910,0:09,74,7,7,0,12,11,0,0,0,19
Justin Braun,23,SJS,D,0.39,0.07,0.32,1.57,44,4.5,112,39.3,2.3,98.7,49.4,50.6,16:30,462,1:01,28,2,0,2,9,9,0,0.071,0,11
Kris Letang,23,PIT,D,0.61,0.1,0.51,2.88,236,3.4,463,50.8,3.7,100.2,54.9,45.1,24:02:00,1971,4:28,82,8,4,4,42,21,20,0.049,0.244,50
Kris Russell,23,CBJ,D,0.32,0.07,0.25,1.21,88,5.7,197,44.7,0.6,98.8,59.4,40.6,17:31,1279,2:45,73,5,4,1,18,12,5,0.014,0.068,23
Linus Omark,23,EDM,LW,0.53,0.1,0.43,1.49,76,6.6,141,53.9,4.8,95.5,52.8,47.2,15:21,783,2:38,51,5,4,1,22,15,7,0.02,0.137,27
Marc-Edouard Vlasic,23,SJS,D,0.23,0.05,0.18,1.45,116,3.4,283,41,-0.4,99.9,46.3,53.7,20:52,1669,0:51,80,4,4,0,14,13,1,0,0.013,18
Mark Fayne,23,NJD,D,0.25,0.07,0.18,1.35,77,5.2,147,52.4,3,101.5,51.5,48.5,17:50,1017,0:45,57,4,4,0,10,6,4,0,0.07,14
Mark Olver,23,COL,C,0.5,0.11,0.39,1.39,25,8,41,61,-6.2,101.5,53.5,46.5,11:53,214,1:06,18,2,2,0,7,7,0,0,0,9
Martin Hanzal,23,PHX,C,0.43,0.26,0.16,2.44,149,10.7,265,56.2,2.1,100.9,46.7,53.3,19:30,1190,3:00,61,16,9,7,10,10,0,0.115,0,26
Mathieu Perreault,23,WSH,C,0.4,0.2,0.2,1.17,41,17.1,77,53.2,4,98.2,55.6,44.4,11:53,416,1:32,35,7,6,1,7,5,2,0.029,0.057,14
Mats Zuccarello,23,NYR,LW,0.55,0.14,0.4,1.76,74,8.1,121,61.2,5.9,99.1,67.5,32.5,14:10,595,2:32,42,6,6,0,17,8,9,0,0.214,23
Mattias Ritola,23,TBL,C,0.26,0.13,0.13,1.35,42,9.5,69,60.9,2,95.6,45.1,54.9,10:04,312,1:16,31,4,4,0,4,4,0,0,0,8
Michael Grabner,23,NYI,RW,0.68,0.45,0.24,3,228,14.9,329,68.1,4.2,100.8,45.1,54.9,15:05,1146,0:54,76,34,26,2,18,15,2,0.026,0.026,52
Michael Sauer,23,NYR,D,0.2,0.04,0.16,0.71,54,5.6,125,43.2,0.1,102.7,51.2,48.8,17:31,1331,0:08,76,3,2,1,12,12,0,0.013,0,15
Mike Weber,23,BUF,D,0.29,0.07,0.22,0.91,53,7.5,122,43.4,-4.1,102.7,50.5,49.5,16:54,980,0:05,58,4,4,0,13,13,0,0,0,17
Nathan Gerbe,23,BUF,C,0.48,0.25,0.23,2.67,171,9.4,263,65,2.5,100.6,50.6,49.4,13:20,853,1:16,64,16,14,2,15,13,2,0.031,0.031,31
Nick Foligno,23,OTT,LW,0.41,0.17,0.24,1.82,149,9.4,218,67.9,-1.3,97,55.2,44.8,15:35,1277,1:45,82,14,9,5,20,15,5,0.061,0.061,34
Nicklas Backstrom,23,WSH,C,0.84,0.23,0.61,2.62,202,8.9,345,57.4,3.3,102.2,50.8,49.2,20:36,1586,3:20,77,18,13,4,47,29,18,0.052,0.234,65
Niclas Bergfors,23,TOT,RW,0.5,0.17,0.33,2.11,152,7.9,246,61.8,3.6,98,48.2,51.8,14:45,1062,1:42,72,12,9,3,24,18,6,0.042,0.083,36
Niklas Hjalmarsson,23,CHI,D,0.13,0.04,0.09,0.8,64,4.7,147,43.5,-4.5,101.2,49.6,50.4,18:29,1478,0:05,80,3,3,0,7,7,0,0,0,10
Phil Kessel,23,TOR,RW,0.78,0.39,0.39,3.96,325,9.8,561,57.9,-3,98.5,52.3,47.7,19:39,1611,3:45,82,32,19,12,32,21,11,0.146,0.134,64
Ryan O'Marra,23,EDM,C,0.24,0.05,0.19,0.62,13,7.7,19,68.4,-10.2,101.2,59.6,40.4,11:01,231,0:08,21,1,1,0,4,3,1,0,0.048,5
Ryan Stoa,23,COL,C,0.16,0.08,0.08,1.8,45,4.4,69,65.2,-2.9,97.8,49.4,50.6,13:21,334,1:33,25,2,2,0,2,0,2,0,0.08,4
Ryan Wilson,23,COL,D,0.24,0.04,0.19,0.93,62,4.8,136,45.6,-4,99,43.1,56.9,19:48,1327,0:47,67,3,2,1,13,12,1,0.015,0.015,16
Sergei Kostitsyn,23,NSH,LW,0.65,0.3,0.35,1.21,93,24.7,185,50.3,-1.1,102.9,49.5,50.5,15:11,1170,1:53,77,23,18,4,27,18,9,0.052,0.117,50
Sidney Crosby,23,PIT,C,1.61,0.78,0.83,3.93,161,19.9,277,57.8,-1.1,104.4,47.4,52.6,21:55,899,5:25,41,32,21,10,34,25,9,0.244,0.22,66
Steve Downie,23,TBL,RW,0.56,0.18,0.39,1.46,83,12,140,59.3,2.3,101.4,49.7,50.3,14:31,828,2:15,57,10,8,2,22,19,3,0.035,0.053,32
Theo Peckham,23,EDM,D,0.18,0.04,0.14,0.58,41,7.3,111,36.9,-3,100.6,46.9,53.1,18:36,1320,0:06,71,3,3,0,10,10,0,0,0,13
Tom Pyatt,23,MTL,C,0.11,0.03,0.08,1.07,65,3.1,119,54.6,-1.6,99,50.2,49.8,10:38,649,0:02,61,2,2,0,5,3,0,0,0,7
Vladimir Sobotka,23,STL,C,0.45,0.11,0.34,1.15,75,9.3,140,53.6,2,98.2,49,51,16:11,1052,0:50,65,7,5,1,22,18,4,0.015,0.062,29
Vladimir Zharkov,23,NJD,RW,0.11,0.05,0.05,1.05,40,5,59,67.8,-1.8,100.3,55.6,44.4,11:20,431,0:26,38,2,2,0,2,2,0,0,0,4
Aaron Gagnon,24,DAL,C,0.11,0,0.11,0.47,9,0,26,34.6,2,98,48.1,51.9,8:04,153,0:06,19,0,0,0,2,2,0,0,0,2
Adam McQuaid,24,BOS,D,0.22,0.04,0.18,0.69,46,6.5,123,37.4,-4,106.4,46.7,53.3,14:52,996,0:03,67,3,3,0,12,12,0,0,0,15
Alexander Edler,24,VAN,D,0.65,0.16,0.49,2.37,121,6.6,275,44,0.3,101.8,59.2,40.8,24:17:00,1239,3:46,51,8,3,5,25,13,12,0.098,0.235,33
Andrej Sekera,24,BUF,D,0.38,0.04,0.34,1.16,88,3.4,228,38.6,2.7,100.9,54,46,21:06,1603,2:05,76,3,3,0,26,20,6,0,0.079,29
Andrew Desjardins,24,SJS,C,0.18,0.06,0.12,0.71,12,8.3,23,52.2,-3.2,95.9,59.6,40.4,7:08,121,0:03,17,1,1,0,2,2,0,0,0,3
Andrew MacDonald,24,NYI,D,0.45,0.07,0.38,1.2,72,5.6,187,37.4,-2,102.2,44.6,55.4,23:25,1405,2:58,60,4,3,1,23,12,11,0.017,0.183,27
Anton Stralman,24,CBJ,D,0.35,0.02,0.33,1.57,80,1.3,175,45.7,3.1,97.4,53.4,46.6,19:44,1006,2:57,51,1,0,1,17,8,9,0.02,0.176,18
Benoit Pouliot,24,MTL,LW,0.38,0.16,0.22,1.63,129,10.1,212,60.4,4.6,99.2,51.3,48.7,11:32,911,0:48,79,13,12,1,17,17,0,0.013,0,30
Blair Jones,24,TBL,C,0.17,0.06,0.11,1.11,20,5,32,62.5,2.9,96.1,66.7,33.3,8:01,144,0:01,18,1,1,0,2,2,0,0,0,3
Blake Comeau,24,NYI,RW,0.6,0.31,0.29,2.36,182,13.2,352,50.6,-0.4,97.3,44.5,55.5,18:41,1439,2:28,77,24,18,5,22,15,7,0.065,0.091,46
Blake Wheeler,24,TOT,RW,0.54,0.22,0.32,2.21,179,10.1,292,61.3,-1.3,101,54.4,45.6,16:15,1316,1:19,81,18,18,0,26,21,5,0,0.062,44
Brandon Dubinsky,24,NYR,C,0.7,0.31,0.39,2.62,202,11.9,343,58.9,-1.9,99.1,48.1,51.9,20:14,1557,3:04,77,24,18,4,30,21,7,0.052,0.091,54
Bryan Bickell,24,CHI,LW,0.47,0.22,0.26,1.67,130,13.1,219,59.4,-9.6,102.1,44.8,55.2,13:50,1079,0:55,78,17,15,2,20,19,1,0.026,0.013,37
Cal O'Reilly,24,NSH,C,0.47,0.16,0.32,1.16,44,13.6,77,57.1,0.3,100.7,48.7,51.3,16:54,642,2:19,38,6,5,1,12,9,3,0.026,0.079,18
Cam Barker,24,MIN,D,0.1,0.02,0.08,0.85,44,2.3,109,40.4,-2.5,99.9,51,49,16:24,853,1:22,52,1,1,0,4,2,2,0,0.038,5
Carl Gunnarsson,24,TOR,D,0.29,0.06,0.24,1.01,69,5.8,157,43.9,-1.2,100.5,46.7,53.3,18:15,1240,1:20,68,4,3,1,16,13,3,0.015,0.044,20
Chris Butler,24,BUF,D,0.18,0.04,0.14,1.06,52,3.8,119,43.7,4.1,100.9,50.8,49.2,18:10,890,1:12,49,2,2,0,7,6,1,0,0.02,9
Chris Mueller,24,NSH,C,0.2,0,0.2,0.47,7,0,12,58.3,-14.2,103,36.5,63.5,8:38,130,0:05,15,0,0,0,3,3,0,0,0,3
Colin Greening,24,OTT,C,0.54,0.25,0.29,2.38,57,10.5,91,62.6,2.7,100.6,47.2,52.8,15:05,362,0:28,24,6,6,0,7,7,0,0,0,13
Darren Helm,24,DET,C,0.39,0.15,0.24,2.16,177,6.8,289,61.2,0.4,99.8,49.2,50.8,13:18,1091,0:03,82,12,10,0,20,19,0,0,0,32
Dave Bolland,24,CHI,C,0.61,0.25,0.36,1.67,102,14.7,179,57,-7,102.9,33.5,66.5,17:39,1076,2:01,61,15,11,4,22,14,8,0.066,0.131,37
David Desharnais,24,MTL,C,0.51,0.19,0.33,1.28,55,14.5,82,67.1,1,98.4,47.2,52.8,12:52,553,1:53,43,8,4,4,14,10,4,0.093,0.093,22
David Krejci,24,BOS,C,0.83,0.17,0.65,2.09,157,8.3,266,59,-0.9,103.8,51.7,48.3,18:51,1414,2:41,75,13,12,1,49,38,11,0.013,0.147,62
Derek Dorsett,24,CBJ,RW,0.22,0.05,0.17,1.47,112,3.6,195,57.4,-4.3,96.2,41.1,58.9,13:13,1004,0:06,76,4,4,0,13,10,0,0,0,17
Devin Setoguchi,24,SJS,RW,0.57,0.31,0.26,2.76,199,11.1,346,57.5,-2.5,99.1,55.7,44.3,15:12,1095,1:57,72,22,18,4,19,13,6,0.056,0.083,41
Erik Condra,24,OTT,RW,0.42,0.23,0.19,1.85,48,12.5,82,58.5,2.6,98.5,58,42,15:52,413,0:43,26,6,5,1,5,4,0,0.038,0,11
Evgeni Malkin,24,PIT,C,0.86,0.35,0.51,4.23,182,8.2,320,56.6,6.2,96.6,56.1,43.9,19:49,852,5:20,43,15,10,5,22,13,9,0.116,0.209,37
Gilbert Brule,24,EDM,C,0.22,0.17,0.05,1.76,72,9.7,112,64.3,-0.8,99.1,50,50,13:48,565,1:16,41,7,6,1,2,2,0,0.024,0,9
Jack Johnson,24,LAK,D,0.51,0.06,0.45,1.87,153,3.3,385,39.7,-5,98.6,52,48,23:12,1902,3:53,82,5,2,3,37,11,25,0.037,0.305,42
Jannik Hansen,24,VAN,LW,0.35,0.11,0.24,1.38,113,8,185,61.1,-4.3,102.3,33.8,66.2,14:43,1206,0:07,82,9,9,0,20,19,0,0,0,29
Jared Boll,24,CBJ,RW,0.16,0.1,0.07,0.9,66,10.6,107,60.7,1.2,98.9,58.7,41.3,7:40,560,0:04,73,7,7,0,5,5,0,0,0,12
Jeff Schultz,24,WSH,D,0.14,0.01,0.13,0.47,34,2.9,93,35.5,-4.2,100.8,49.2,50.8,19:47,1424,0:04,72,1,1,0,9,7,0,0,0,10
John McCarthy,24,SJS,LW,0.11,0.05,0.05,1.11,41,4.9,71,57.7,-5.7,94.5,60.5,39.5,8:45,323,0:00,37,2,2,0,2,2,0,0,0,4
Keith Yandle,24,PHX,D,0.72,0.13,0.59,2.43,199,5.5,430,46.3,0.2,101.9,52.7,47.3,24:23:00,1999,4:05,82,11,8,3,48,24,23,0.037,0.28,59
Kevin Porter,24,COL,RW,0.34,0.19,0.15,1.38,102,13.7,201,50.2,-2,99.1,44.8,55.2,13:49,1023,1:37,74,14,13,1,11,10,1,0.014,0.014,25
Kris Versteeg,24,TOT,RW,0.58,0.26,0.31,2.25,180,11.7,366,49.2,-0.1,98.8,52.5,47.5,17:44,1418,2:52,80,21,14,6,25,17,8,0.075,0.1,46
Kyle Chipchura,24,ANA,C,0.05,0,0.05,0.58,23,0,34,67.6,-1.4,101.2,64.5,35.5,8:00,320,0:01,40,0,0,0,2,2,0,0,0,2
Kyle Cumiskey,24,COL,D,0.44,0.06,0.39,1.17,21,4.8,39,53.8,0,97.8,54.5,45.5,19:40,354,2:07,18,1,1,0,7,6,1,0,0.056,8
Ladislav Smid,24,EDM,D,0.13,0,0.13,0.62,48,0,121,39.7,2,99,47.3,52.7,20:17,1582,0:45,78,0,0,0,10,9,1,0,0.013,10
Lauri Korpikoski,24,PHX,LW,0.51,0.24,0.27,1.3,103,18.4,192,53.6,-7.2,104.4,44.1,55.9,15:32,1227,0:41,79,19,17,0,21,18,1,0,0.013,40
Marc Staal,24,NYR,D,0.38,0.09,0.29,1.51,116,6,234,49.6,-4.4,100.8,47.1,52.9,25:44:00,1982,2:38,77,7,1,4,22,13,7,0.052,0.091,29
Mark Fistric,24,DAL,D,0.09,0.04,0.05,0.46,26,7.7,81,32.1,-7,99.1,49.3,50.7,14:23,820,0:00,57,2,2,0,3,2,0,0,0,5
Mark Fraser,24,NJD,D,0.08,0,0.08,0.62,16,0,37,43.2,4.6,100.5,54.3,45.7,13:59,363,0:04,26,0,0,0,2,2,0,0,0,2
Matt D'Agostini,24,STL,RW,0.56,0.26,0.3,1.99,163,12.9,286,57,-0.6,101.1,50.6,49.4,14:46,1210,1:39,82,21,15,6,25,17,8,0.073,0.098,46
Matt Niskanen,24,TOT,D,0.16,0.02,0.14,1.22,77,1.3,190,40.5,2.7,100.6,55.1,44.9,16:32,1041,1:48,63,1,1,0,9,4,5,0,0.079,10
Matt Taormina,24,NJD,D,0.29,0.18,0.12,2.24,38,7.9,72,52.8,-1.3,96.9,60.1,39.9,20:40,351,3:03,17,3,2,1,2,2,0,0.059,0,5
Micheal Haley,24,NYI,C,0.11,0.07,0.04,0.48,13,15.4,24,54.2,-12.8,99.4,45.8,54.2,8:02,217,0:11,27,2,2,0,1,1,0,0,0,3
Nikita Nikitin,24,STL,D,0.22,0.02,0.2,1.12,46,2.2,109,42.2,-1.9,99.8,54.8,45.2,16:24,672,1:17,41,1,1,0,8,4,4,0,0.098,9
Nikolai Kulemin,24,TOR,LW,0.7,0.37,0.33,2.11,173,17.3,314,55.1,3.2,101.5,51.2,48.8,17:19,1421,2:39,82,30,24,5,27,19,8,0.061,0.098,57
Olivier Magnan,24,NJD,D,0,0,0,0.44,8,0,20,40,1.2,95.7,55.9,44.1,15:43,283,0:02,18,0,0,0,0,0,0,0,0,0
Patric Hornqvist,24,NSH,RW,0.61,0.27,0.34,3.35,265,7.9,391,67.8,4.8,101,55.6,44.4,15:44,1242,2:45,79,21,15,6,27,19,8,0.076,0.101,48
Patrick Kaleta,24,BUF,RW,0.18,0.08,0.1,1.27,65,6.2,93,69.9,-3.8,97.2,50.4,49.6,10:11,520,0:06,51,4,3,0,5,5,0,0,0,9
Peter Regin,24,OTT,C,0.31,0.05,0.25,1.58,87,3.4,158,55.1,3,97.9,54.1,45.9,13:23,736,1:01,55,3,3,0,14,12,2,0,0.036,17
Rob Schremp,24,TOT,C,0.41,0.21,0.21,1.32,83,15.7,147,55.1,-2.7,95.1,43.8,56.2,14:02,885,1:44,63,13,9,4,13,10,3,0.063,0.048,26
Roman Polak,24,STL,D,0.22,0.05,0.16,0.98,54,5.6,111,48.6,-4.5,99.6,43.3,56.7,19:57,1098,0:05,55,3,3,0,9,9,0,0,0,12
Ryan Reaves,24,STL,RW,0.14,0.07,0.07,0.57,16,12.5,23,69.6,-11.7,99.8,59.3,40.7,6:48,191,0:04,28,2,2,0,2,2,0,0,0,4
T.J. Oshie,24,STL,C,0.69,0.24,0.45,2.1,103,11.7,195,52.8,2.9,100.7,55.2,44.8,19:11,940,2:35,49,12,8,3,22,16,6,0.061,0.122,34
Tom Wandell,24,DAL,C,0.12,0.09,0.03,1.25,94,7.4,197,47.7,1.9,98.8,49,51,11:45,882,0:10,75,7,7,0,2,2,0,0,0,9
Trevor Lewis,24,LAK,C,0.18,0.04,0.14,1.46,105,2.9,182,57.7,-6,97.8,53.9,46.1,11:29,827,0:03,72,3,3,0,10,10,0,0,0,13
Tyler Bozak,24,TOR,C,0.39,0.18,0.21,1.46,120,12.5,202,59.4,-3.4,97,52.3,47.7,19:17,1581,2:57,82,15,8,6,17,12,5,0.073,0.061,32
Tyler Kennedy,24,PIT,C,0.56,0.26,0.3,2.93,234,9,402,58.2,4.9,99.2,52.7,47.3,14:32,1162,1:52,80,21,14,7,24,17,7,0.088,0.088,45
Victor Oreskovich,24,VAN,D,0.19,0,0.19,1.19,19,0,24,79.2,-7.3,101.1,31.7,68.3,7:54,126,0:03,16,0,0,0,3,3,0,0,0,3
Wojtek Wolski,24,TOT,LW,0.48,0.16,0.32,1.85,135,8.9,217,62.2,2,101.2,58.2,41.8,14:35,1064,2:05,73,12,11,1,23,20,3,0.014,0.041,35
Aaron Volpatti,25,VAN,RW,0.13,0.07,0.07,0.4,6,16.7,12,50,-12.2,96.9,37.9,62.1,6:50,102,0:19,15,1,1,0,1,1,0,0,0,2
Adam Cracknell,25,STL,RW,0.29,0.13,0.17,1.08,26,11.5,47,55.3,-1,101.1,60,40,8:55,214,0:02,24,3,3,0,4,4,0,0,0,7
Alex Goligoski,25,TOT,D,0.55,0.17,0.39,1.95,162,8.6,371,43.7,1.2,101.7,56.6,43.4,22:14,1846,4:00,83,14,7,7,32,15,17,0.084,0.205,46
Alex Ovechkin,25,WSH,LW,1.08,0.41,0.67,4.65,367,8.7,645,56,3.4,102,52.6,47.4,21:22,1688,4:29,79,32,25,7,53,36,17,0.089,0.215,85
Alexandre Bolduc,25,VAN,C,0.17,0.08,0.08,0.88,21,9.5,29,72.4,-17.7,102.5,30,70,7:26,178,0:08,24,2,2,0,2,2,0,0,0,4
Alexandre Picard,25,MTL,D,0.19,0.07,0.12,1.14,49,6.1,116,42.2,8.6,98,52.9,47.1,16:26,706,1:01,43,3,1,2,5,5,0,0.047,0,8
Andrei Kostitsyn,25,MTL,LW,0.56,0.25,0.31,2.42,196,10.2,363,54,-1.8,101,52.4,47.6,15:53,1287,2:16,81,20,15,5,25,19,6,0.062,0.074,45
Andrej Meszaros,25,PHI,D,0.4,0.1,0.3,1.78,144,5.6,314,45.9,-1.9,103.7,45.2,54.8,21:07,1711,2:26,81,8,5,3,24,21,3,0.037,0.037,32
Andrew Ladd,25,ATL,LW,0.73,0.36,0.37,2.41,195,14.9,328,57.9,2.4,98.2,50.3,49.7,20:04,1626,3:01,81,29,18,9,30,20,9,0.111,0.111,59
B.J. Crombeen,25,STL,RW,0.18,0.09,0.09,1.41,113,6.2,210,53.8,-4.2,96,49,51,12:48,1024,0:03,80,7,6,0,7,7,0,0,0,14
Brad Richardson,25,LAK,RW,0.28,0.1,0.18,1.51,103,6.8,190,54.2,-0.7,95.8,53.1,46.9,11:46,800,0:03,68,7,6,0,12,12,0,0,0,19
Brandon Yip,25,COL,RW,0.31,0.17,0.14,1.79,127,9.4,206,61.7,-8,96.4,49.5,50.5,13:44,975,1:45,71,12,8,3,10,8,2,0.042,0.028,22
Braydon Coburn,25,PHI,D,0.2,0.02,0.17,1.39,114,1.8,241,47.3,-1.5,100.6,49.5,50.5,21:04,1728,0:23,82,2,2,0,14,13,0,0,0,16
Brent Burns,25,MIN,D,0.58,0.21,0.36,2.13,170,10,375,45.3,4.7,99.9,43.5,56.5,25:03:00,2004,3:04,80,17,9,8,29,22,6,0.1,0.075,46
Brent Seabrook,25,CHI,D,0.59,0.11,0.48,1.65,135,6.7,289,46.7,-1.2,98.8,51.6,48.4,24:23:00,2000,2:39,82,9,4,5,39,22,15,0.061,0.183,48
Brett Carson,25,TOT,D,0,0,0,0.63,12,0,22,54.5,5.8,103.7,49.4,50.6,11:27,217,0:15,19,0,0,0,0,0,0,0,0,0
Clarke MacArthur,25,TOR,LW,0.76,0.26,0.5,1.88,154,13.6,292,52.7,5.1,100,49.4,50.6,17:07,1403,2:55,82,21,15,6,41,28,13,0.073,0.159,62
Clayton Stoner,25,MIN,D,0.16,0.04,0.12,0.7,40,5,96,41.7,-4.5,102.5,37,63,16:52,961,0:02,57,2,2,0,7,7,0,0,0,9
Corey Perry,25,ANA,RW,1.2,0.61,0.59,3.54,290,17.2,482,60,3.1,102.1,46.9,53.1,22:19,1830,3:30,82,50,32,14,48,30,17,0.171,0.207,98
Daniel Winnik,25,COL,C,0.33,0.14,0.19,2.09,167,6.6,273,61.2,3.2,98.4,42.2,57.8,16:33,1324,0:20,80,11,7,2,15,11,3,0.025,0.038,26
Darroll Powe,25,PHI,C,0.21,0.09,0.12,1.07,87,8,160,53.8,-6.6,98.3,36.7,63.3,12:17,995,0:03,81,7,5,0,10,9,0,0,0,17
Dion Phaneuf,25,TOR,D,0.45,0.12,0.33,2.88,190,4.2,411,46.2,-3.1,100.6,49.7,50.3,25:18:00,1670,3:55,66,8,5,3,22,12,9,0.045,0.136,30
Drew Stafford,25,BUF,RW,0.84,0.5,0.34,2.89,179,17.3,275,65.1,-2,104.6,56.8,43.2,16:32,1025,2:57,62,31,20,11,21,13,8,0.177,0.129,52
Dustin Byfuglien,25,ATL,D,0.65,0.25,0.41,4.28,347,5.8,612,56.2,7.4,99.4,55.3,44.7,23:18,1888,3:59,81,20,12,8,33,17,16,0.099,0.198,53
Eric Fehr,25,WSH,RW,0.38,0.19,0.19,2.31,120,8.3,207,57.5,1.5,98.9,56.7,43.3,12:35,655,1:56,52,10,7,3,10,6,4,0.058,0.077,20
Grant Clitsome,25,CBJ,D,0.61,0.13,0.48,1.61,50,8,134,37.3,-3.8,101.6,63.5,36.5,21:16,659,3:30,31,4,2,2,15,7,8,0.065,0.258,19
Jack Hillen,25,NYI,D,0.34,0.06,0.28,1.27,81,4.9,172,45.3,-1.9,100.1,46.4,53.6,18:49,1204,0:47,64,4,4,0,18,16,1,0,0.016,22
Jake Dowell,25,CHI,C,0.27,0.08,0.19,0.94,74,8.1,107,69.2,-3.9,99.6,42.4,57.6,11:49,933,0:06,79,6,6,0,15,12,0,0,0,21
Jay Beagle,25,WSH,C,0.1,0.06,0.03,0.87,27,7.4,53,50.9,-4.7,100.4,43,57,10:30,326,0:06,31,2,2,0,1,1,0,0,0,3
Jay Rosehill,25,TOR,D,0.12,0.04,0.08,0.46,12,8.3,16,75,-10.7,92.5,50,50,5:12,135,0:01,26,1,1,0,2,2,0,0,0,3
Jean-Francois Jacques,25,EDM,LW,0.1,0.08,0.02,0.55,28,14.3,49,57.1,-4.1,98,47.6,52.4,7:04,361,0:03,51,4,4,0,1,1,0,0,0,5
Kyle Quincey,25,COL,D,0.05,0,0.05,1.86,39,0,73,53.4,-1.9,96.1,56.7,43.3,19:35,411,2:11,21,0,0,0,1,1,0,0,0,1
Liam Reddox,25,EDM,LW,0.23,0.02,0.2,1.93,85,1.2,142,59.9,-4,96.4,52.5,47.5,15:00,660,0:21,44,1,1,0,9,8,0,0,0,10
Loui Eriksson,25,DAL,LW,0.92,0.34,0.58,2.27,179,15.1,283,62.5,-1.6,103.1,55.4,44.6,20:34,1625,3:23,79,27,16,10,46,29,15,0.127,0.19,73
Marc Methot,25,CBJ,D,0.2,0,0.2,0.78,58,0,132,43.9,-3.7,100.3,48.8,51.2,19:53,1472,0:20,74,0,0,0,15,14,0,0,0,15
Mark Letestu,25,PIT,C,0.42,0.22,0.2,2,128,10.9,232,55.2,4.1,99.1,56.6,43.4,14:15,912,2:10,64,14,10,4,13,11,2,0.063,0.031,27
Mark Mancari,25,BUF,RW,0.4,0.05,0.35,2.15,43,2.3,64,67.2,4,96.7,51.6,48.4,12:19,246,1:20,20,1,0,1,7,6,1,0.05,0.05,8
Mason Raymond,25,VAN,LW,0.56,0.21,0.34,2.81,197,7.6,329,59.9,6,99.4,55.6,44.4,15:48,1106,1:22,70,15,12,2,24,20,4,0.029,0.057,39
Matt Hunwick,25,TOT,D,0.18,0.01,0.16,1.37,100,1,189,52.9,-4.9,99.2,48.6,51.4,18:31,1351,1:45,73,1,1,0,12,9,3,0,0.041,13
Maxim Lapierre,25,TOT,C,0.15,0.08,0.08,1.65,129,4.7,197,65.5,-7.1,97.7,46,54,11:38,907,0:04,78,6,6,0,6,6,0,0,0,12
Mike Brown,25,TOR,RW,0.16,0.06,0.1,1.18,59,5.1,97,60.8,-9.5,103,43,57,10:06,505,0:06,50,3,2,1,5,4,0,0.02,0,8
Mike Green,25,WSH,D,0.49,0.16,0.33,2.35,115,7,246,46.7,1.2,100.2,52,48,25:12:00,1234,4:27,49,8,3,5,16,10,5,0.102,0.102,24
Mike Richards,25,PHI,C,0.81,0.28,0.53,2.27,184,12.5,373,49.3,-2,100.3,47.1,52.9,18:53,1529,2:56,81,23,15,5,43,24,16,0.062,0.198,66
Mike Santorelli,25,FLA,C,0.5,0.24,0.26,2.35,193,10.4,320,60.3,-1.8,98,53,47,16:41,1368,2:41,82,20,14,5,21,14,7,0.061,0.085,41
Nathan Horton,25,BOS,C,0.66,0.33,0.34,2.35,188,13.8,334,56.3,3.8,103.7,52.6,47.4,16:17,1303,2:24,80,26,20,6,27,25,2,0.075,0.025,53
Patrice Bergeron,25,BOS,C,0.71,0.28,0.44,2.64,211,10.4,365,57.8,3.3,101.9,42.9,57.1,17:53,1431,2:43,80,22,17,3,35,26,8,0.038,0.1,57
Patrick O'Sullivan,25,TOT,C,0.26,0.06,0.19,1.61,50,4,88,56.8,0.8,101.1,47,53,12:11,378,1:43,31,2,2,0,6,3,3,0,0.097,8
Paul Bissonnette,25,PHX,LW,0.02,0.02,0,0.38,18,5.6,38,47.4,-1.8,105,63.4,36.6,5:15,252,0:01,48,1,1,0,0,0,0,0,0,1
Paul Stastny,25,COL,C,0.77,0.3,0.47,2.45,181,12.2,279,64.9,-0.5,101.2,51.9,48.1,19:44,1460,3:03,74,22,17,4,35,20,15,0.054,0.203,57
Philippe Dupuis,25,COL,C,0.23,0.08,0.15,1.36,101,5.9,155,65.2,-4.7,98.8,41.9,58.1,9:07,674,0:03,74,6,5,0,11,10,0,0,0,17
Rostislav Olesz,25,FLA,C,0.39,0.14,0.25,1.61,71,8.5,121,58.7,0.3,99.1,49.2,50.8,13:53,611,1:07,44,6,5,1,11,11,0,0.023,0,17
Ryan Callahan,25,NYR,RW,0.8,0.38,0.42,2.98,179,12.8,298,59.7,-2.6,97.8,46.6,53.4,19:54,1194,3:23,60,23,13,10,25,18,5,0.167,0.083,48
Ryan Getzlaf,25,ANA,C,1.13,0.28,0.85,1.75,117,16.2,236,49.6,5,103.9,47,53,21:51,1464,3:35,67,19,12,7,57,37,20,0.104,0.299,76
Shea Weber,25,NSH,D,0.59,0.2,0.39,3.1,254,6.3,497,51.1,2.5,100.7,45.9,54.1,25:19:00,2076,3:38,82,16,9,6,32,21,11,0.073,0.134,48
Stefan Meyer,25,CGY,LW,0.13,0,0.13,0.75,12,0,27,44.4,-2,96.3,62.1,37.9,7:45,124,0:02,16,0,0,0,2,2,0,0,0,2
Steve Bernier,25,FLA,RW,0.22,0.07,0.15,1.43,97,5.2,162,59.9,-4,97.1,53.6,46.4,13:02,886,1:18,68,5,2,3,10,10,0,0.044,0,15
Teddy Purcell,25,TBL,RW,0.63,0.21,0.42,2.42,196,8.7,316,62,2.3,100.7,46.6,53.4,14:06,1142,2:45,81,17,14,3,34,16,18,0.037,0.222,51
Travis Zajac,25,NJD,C,0.54,0.16,0.38,2.11,173,7.5,290,59.7,0.9,98.5,56.4,43.6,19:47,1622,2:34,82,13,10,2,31,22,8,0.024,0.098,44
Troy Brouwer,25,CHI,RW,0.46,0.22,0.24,1.54,122,13.9,220,55.5,1.6,97.6,63.4,36.6,15:06,1193,2:06,79,17,10,7,19,13,6,0.089,0.076,36
Viktor Stalberg,25,CHI,LW,0.31,0.16,0.16,1.75,135,8.9,221,61.1,2.2,97.3,61,39,10:42,824,0:12,77,12,12,0,12,11,1,0,0.013,24
Zack Stortini,25,EDM,RW,0.13,0,0.13,0.5,16,0,36,44.4,-3.3,99.6,45.2,54.8,7:06,227,0:03,32,0,0,0,4,4,0,0,0,4
Adam Pardy,26,CGY,D,0.23,0.03,0.2,1.2,36,2.8,81,44.4,3.8,98.7,58.8,41.2,14:41,441,0:13,30,1,1,0,6,5,1,0,0.033,7
Alex Steen,26,STL,C,0.71,0.28,0.43,3.03,218,9.2,457,47.7,7,96.7,56.6,43.4,19:33,1408,3:07,72,20,17,1,31,22,9,0.014,0.125,51
Alexander Semin,26,WSH,LW,0.83,0.43,0.4,3.02,196,14.3,431,45.2,3.8,104.5,55.7,44.3,18:04,1175,3:13,65,28,21,6,26,14,12,0.092,0.185,54
Alexander Sulzer,26,TOT,D,0.13,0.03,0.1,0.93,37,2.7,85,43.5,-1.6,98.4,53.5,46.5,17:33,702,1:06,40,1,1,0,4,2,2,0,0.05,5
Anssi Salmela,26,NJD,D,0.15,0.02,0.13,1.19,57,1.8,98,58.2,-7.3,97.6,56.4,43.6,17:24,835,0:19,48,1,1,0,6,6,0,0,0,7
Anthony Stewart,26,ATL,C,0.49,0.18,0.31,1.76,141,9.9,228,60.5,-4.8,98.8,54,46,14:58,1198,1:15,80,14,9,5,25,20,5,0.063,0.063,39
Anton Babchuk,26,TOT,D,0.43,0.13,0.29,1.61,132,8.3,308,42.9,-0.4,101,61.8,38.2,16:21,1340,2:33,82,11,4,6,24,16,7,0.073,0.085,35
Ben Lovejoy,26,PIT,D,0.36,0.06,0.3,1.28,60,5,138,43.5,-2.7,101.6,53.4,46.6,15:00,705,0:04,47,3,3,0,14,12,1,0,0.021,17
Brad Staubitz,26,MIN,RW,0.13,0.06,0.07,0.41,29,13.8,51,56.9,-11.4,102.6,37.5,62.5,6:31,463,0:02,71,4,4,0,5,5,0,0,0,9
Brandon Prust,26,NYR,LW,0.35,0.16,0.2,1.06,87,14.9,140,62.1,-3.5,99.3,41.5,58.5,13:49,1133,0:17,82,13,8,0,16,13,1,0,0.012,29
Brian Boyle,26,NYR,C,0.43,0.26,0.17,2.66,218,9.6,365,59.7,-3.9,99.3,39.3,60.7,15:44,1291,0:36,82,21,16,4,14,11,0,0.049,0,35
Bruno Gervais,26,NYI,D,0.11,0,0.11,0.81,43,0,109,37.6,-4.5,97.7,44.4,55.6,15:41,831,0:15,53,0,0,0,6,6,0,0,0,6
Cam Janssen,26,STL,RW,0.07,0.02,0.06,0.3,16,6.3,28,57.1,-8,95.8,74.4,25.6,4:53,263,0:01,54,1,1,0,3,3,0,0,0,4
Chris Campoli,26,TOT,D,0.27,0.05,0.22,1.09,84,4.8,184,45.7,1.2,98.9,52.3,47.7,19:08,1474,1:15,77,4,3,1,17,16,1,0.013,0.013,21
Chris Porter,26,STL,C,0.16,0.07,0.09,1.22,55,5.5,88,62.5,0.6,97.2,52.9,47.1,10:23,467,0:01,45,3,3,0,4,4,0,0,0,7
Cody McLeod,26,COL,LW,0.11,0.07,0.04,1.03,73,6.8,118,61.9,0.1,98,48.1,51.9,9:47,694,0:10,71,5,3,2,3,3,0,0.028,0,8
Colin Fraser,26,EDM,C,0.07,0.04,0.03,0.85,57,5.3,91,62.6,-4.3,99.5,46.1,53.9,10:17,688,0:04,67,3,2,0,2,2,0,0,0,5
D.J. King,26,WSH,LW,0.13,0,0.13,0.38,6,0,7,85.7,-7.3,94.5,58.5,41.5,5:41,91,0:03,16,0,0,0,2,2,0,0,0,2
Dan Girardi,26,NYR,D,0.39,0.05,0.34,1.38,110,3.6,240,45.8,-5.5,100.7,46.6,53.4,24:35:00,1966,2:01,80,4,2,2,27,20,5,0.025,0.063,31
Daniel Carcillo,26,PHI,LW,0.11,0.07,0.04,0.98,56,7.1,86,65.1,-6.3,94.2,41,59,7:46,443,0:03,57,4,4,0,2,2,0,0,0,6
Daniel Paille,26,BOS,LW,0.3,0.14,0.16,1.12,48,12.5,73,65.8,-5.9,101.4,43.1,56.9,11:18,486,0:01,43,6,5,0,7,7,0,0,0,13
Darryl Boyce,26,TOR,C,0.28,0.11,0.17,0.59,27,18.5,65,41.5,-5.2,106.6,43.7,56.3,11:23,524,0:20,46,5,5,0,8,8,0,0,0,13
David Backes,26,STL,RW,0.76,0.38,0.38,2.57,211,14.7,360,58.3,3.3,103,50.8,49.2,19:42,1616,2:41,82,31,26,5,31,20,10,0.061,0.122,62
David Booth,26,FLA,LW,0.49,0.28,0.21,3.41,280,8.2,485,57.5,2.7,95.9,49.8,50.2,18:54,1550,2:52,82,23,15,8,17,15,2,0.098,0.024,40
David Clarkson,26,NJD,RW,0.22,0.15,0.07,2.34,192,6.3,297,64.6,-1.1,95.9,49.3,50.7,13:37,1117,1:39,82,12,11,1,6,5,1,0.012,0.012,18
David Jones,26,COL,RW,0.58,0.35,0.23,1.99,153,17.6,267,57.3,-4.1,101.2,51.7,48.3,17:41,1361,2:23,77,27,21,6,18,14,3,0.078,0.039,45
Davis Drewiske,26,LAK,D,0.13,0,0.13,0.71,27,0,70,38.6,-2.5,99.9,51.1,48.9,14:21,545,0:18,38,0,0,0,5,5,0,0,0,5
Drew Miller,26,DET,LW,0.27,0.15,0.12,1.27,85,11.8,154,55.2,-2.5,97.4,56.9,43.1,11:45,787,0:04,67,10,9,0,8,8,0,0,0,18
Dustin Brown,26,LAK,RW,0.7,0.34,0.35,2.78,228,12.3,419,54.2,-1.5,102.3,52.7,47.3,19:22,1588,2:57,82,28,21,7,29,21,8,0.085,0.098,57
Dylan Reese,26,NYI,D,0.22,0,0.22,0.85,23,0,47,48.9,-0.2,93.8,50,50,14:49,400,0:18,27,0,0,0,6,6,0,0,0,6
Eric Staal,26,CAR,C,0.94,0.41,0.53,3.65,296,11.1,526,55.1,4,99.6,50.1,49.9,21:56,1777,4:26,81,33,18,12,43,26,17,0.148,0.21,76
Frans Nielsen,26,NYI,C,0.62,0.18,0.44,2.2,156,8.3,251,61.4,3.9,100.6,42.2,57.8,17:46,1261,2:29,71,13,6,0,31,22,8,0,0.113,44
Ian White,26,TOT,D,0.33,0.05,0.28,1.77,138,2.9,330,41.8,-1.6,100.3,49.8,50.2,20:00,1559,2:10,78,4,3,1,22,17,5,0.013,0.064,26
James Wisniewski,26,TOT,D,0.68,0.13,0.55,2.11,158,6.3,341,44.9,1.4,98.4,51.8,48.2,22:56,1721,4:25,75,10,3,7,41,19,22,0.093,0.293,51
Jason Garrison,26,FLA,D,0.25,0.07,0.18,1.59,116,4.3,264,43.9,-0.1,99.9,41.4,58.6,22:18,1627,1:33,73,5,5,0,13,10,3,0,0.041,18
Jeff Carter,26,PHI,C,0.83,0.45,0.38,4.19,335,10.7,569,58.9,0.8,103.4,44.6,55.4,18:15,1460,2:56,80,36,28,8,30,21,9,0.1,0.113,66
Jeff Tambellini,26,VAN,LW,0.27,0.15,0.13,1.84,114,7.9,199,57.3,1.5,102,50.7,49.3,11:47,731,1:11,62,9,8,1,8,5,3,0.016,0.048,17
Jeremy Colliton,26,NYI,C,0.2,0.13,0.07,0.47,7,28.6,20,35,-8.7,94.4,43.3,56.7,11:53,178,0:27,15,2,0,2,1,1,0,0.133,0,3
Joe Pavelski,26,SJS,C,0.89,0.27,0.62,3.81,282,7.1,453,62.3,4.7,100,43.7,56.3,19:39,1454,3:21,74,20,8,11,46,27,17,0.149,0.23,66
John Mitchell,26,TOR,C,0.13,0.09,0.04,1.22,28,7.1,53,52.8,-2.7,94.8,57.5,42.5,12:31,288,0:22,23,2,1,1,1,1,0,0.043,0,3
Jonathan Ericsson,26,DET,D,0.2,0.04,0.16,1.2,89,3.4,176,50.6,1.1,99.8,49.3,50.7,18:50,1394,0:07,74,3,2,1,12,12,0,0.014,0,15
Jordan Hendry,26,CHI,D,0.03,0.03,0,0.95,35,2.9,64,54.7,-8,98.7,54.9,45.1,10:42,396,0:07,37,1,1,0,0,0,0,0,0,1
Josh Gorges,26,MTL,D,0.19,0.03,0.17,0.56,20,5,62,32.3,-6.2,99.8,49.6,50.4,21:10,762,0:40,36,1,0,1,6,6,0,0.028,0,7
Kevin Klein,26,NSH,D,0.22,0.02,0.2,1.22,99,2,194,51,-7.1,102.7,44.1,55.9,20:48,1684,0:13,81,2,2,0,16,15,0,0,0,18
Kevin Westgarth,26,LAK,RW,0.05,0,0.05,0.36,20,0,34,58.8,-7.7,95.4,56.2,43.8,5:26,304,0:00,56,0,0,0,3,3,0,0,0,3
Kyle Brodziak,26,MIN,C,0.46,0.2,0.26,1.58,126,12.7,230,54.8,2.2,100,41.4,58.6,15:47,1262,1:16,80,16,13,2,21,16,2,0.025,0.025,37
Kyle Wilson,26,CBJ,C,0.34,0.13,0.22,1.19,38,10.5,63,60.3,1.2,98.9,59.1,40.9,10:38,340,0:42,32,4,4,0,7,7,0,0,0,11
Mark Stuart,26,TOT,D,0.11,0.04,0.07,0.76,41,4.9,109,37.6,-6.9,100.8,50.5,49.5,15:39,845,0:07,54,2,2,0,4,4,0,0,0,6
Matt Carle,26,PHI,D,0.49,0.01,0.48,1.43,117,0.9,262,44.7,-0.6,102.2,48.1,51.9,21:59,1803,2:18,82,1,1,0,39,37,2,0,0.024,40
Matt Gilroy,26,NYR,D,0.19,0.05,0.14,1.29,75,4,138,54.3,-2.1,100.5,61,39,14:11,822,1:14,58,3,3,0,8,7,1,0,0.017,11
Matt Smaby,26,TBL,D,0,0,0,0.28,9,0,23,39.1,2.8,100.1,40.4,59.6,6:59,224,0:01,32,0,0,0,0,0,0,0,0,0
Maxime Talbot,26,PIT,C,0.26,0.1,0.16,1.43,117,6.8,185,63.2,-1.6,98.6,52.8,47.2,15:04,1236,0:06,82,8,6,0,13,12,0,0,0,21
Mike Lundin,26,TBL,D,0.17,0.01,0.16,0.8,55,1.8,159,34.6,-9.7,100.3,41,59,20:24,1408,0:28,69,1,1,0,11,11,0,0,0,12
Milan Michalek,26,OTT,RW,0.5,0.27,0.23,2.53,167,10.8,270,61.9,-4.7,98.3,53.1,46.9,18:04,1192,2:24,66,18,13,1,15,12,3,0.015,0.045,33
Nate Thompson,26,TBL,C,0.32,0.13,0.19,1.56,123,8.1,204,60.3,-5,97,40,60,15:05,1192,0:12,79,10,9,0,15,14,1,0,0.013,25
Nicklas Grossmann,26,DAL,D,0.17,0.02,0.15,0.64,38,2.6,114,33.3,-2.6,103,40.1,59.9,18:12,1074,0:08,59,1,1,0,9,9,0,0,0,10
Nikolai Zherdev,26,PHI,RW,0.39,0.29,0.11,2.41,135,11.9,212,63.7,4.6,99.7,50.3,49.7,12:51,720,1:03,56,16,15,1,6,4,2,0.018,0.036,22
Patrick Eaves,26,DET,RW,0.32,0.21,0.11,1.71,108,12,201,53.7,-0.9,98.6,48.3,51.7,12:42,800,0:13,63,13,10,2,7,7,0,0.032,0,20
Pierre-Marc Bouchard,26,MIN,C,0.64,0.2,0.44,1.66,98,12.2,172,57,6.4,100.1,50.1,49.9,15:43,927,2:44,59,12,12,0,26,16,10,0,0.169,38
Rick Nash,26,CBJ,LW,0.88,0.43,0.45,4.07,305,10.5,547,55.8,1.1,100.9,58,42,18:56,1420,3:39,75,32,26,6,34,26,8,0.08,0.107,66
Rod Pelley,26,NJD,C,0.14,0.04,0.09,1.19,88,3.4,149,59.1,-8.2,97.7,48.9,51.1,11:48,874,0:08,74,3,2,1,7,7,0,0.014,0,10
Ryan Jones,26,EDM,LW,0.31,0.22,0.09,1.56,126,14.3,229,55,-4.6,100.6,49,51,13:50,1121,0:50,81,18,15,2,7,5,2,0.025,0.025,25
Ryan Kesler,26,VAN,C,0.89,0.5,0.39,3.17,260,15.8,496,52.4,5.7,101.6,49.6,50.4,20:30,1681,3:37,82,41,23,15,32,16,15,0.183,0.183,73
Ryan O'Byrne,26,TOT,D,0.15,0,0.15,0.67,45,0,125,36,-3.4,99.7,41.9,58.1,20:09,1351,0:06,67,0,0,0,10,10,0,0,0,10
Ryan Suter,26,NSH,D,0.56,0.06,0.5,1.64,115,3.5,264,43.6,3.7,102.3,45,55,25:12:00,1764,3:25,70,4,3,1,35,18,16,0.014,0.229,39
Sami Lepisto,26,TOT,D,0.23,0.06,0.17,0.8,56,7.1,134,41.8,1,101.3,49.8,50.2,17:33,1229,0:31,70,4,4,0,12,12,0,0,0,16
Sean Bergenheim,26,TBL,LW,0.36,0.18,0.19,2.28,182,7.7,304,59.2,4.9,97.7,45.4,54.6,13:59,1118,1:03,80,14,12,2,15,13,2,0.025,0.025,29
Tim Brent,26,TOR,C,0.25,0.1,0.15,0.76,60,13.3,111,54.1,-8.4,100.6,41.1,58.9,11:39,920,0:45,79,8,7,0,12,7,4,0,0.051,20
Tim Sestito,26,NJD,LW,0.06,0,0.06,0.61,22,0,44,50,-8.1,96.9,50.7,49.3,10:49,390,0:10,36,0,0,0,2,2,0,0,0,2
Toby Enstrom,26,ATL,D,0.71,0.14,0.57,1.57,113,8.8,243,45.3,1.7,99,55.5,44.5,23:41,1705,4:30,72,10,4,6,41,18,22,0.083,0.306,51
Tomas Fleischmann,26,TOT,LW,0.69,0.27,0.42,2.18,98,12.2,165,58.2,-4.6,100.8,55.4,44.6,16:22,736,2:31,45,12,9,3,19,16,3,0.067,0.067,31
Torrey Mitchell,26,SJS,C,0.35,0.14,0.21,1.76,116,7.8,194,59.8,4.6,100.4,48,52,13:21,881,0:08,66,9,9,0,14,14,0,0,0,23
Troy Bodie,26,TOT,RW,0.07,0.02,0.05,0.75,44,2.3,83,53,-0.9,96.9,44,56,6:50,403,0:00,59,1,1,0,3,3,0,0,0,4
Tyson Strachan,26,STL,RW,0.03,0,0.03,0.97,28,0,60,46.7,-1.5,94,55.1,44.9,12:08,352,0:10,29,0,0,0,1,1,0,0,0,1
Valtteri Filppula,26,DET,C,0.55,0.23,0.32,1.62,115,13.9,228,50.4,-4.5,100.9,50.7,49.3,16:43,1187,2:01,71,16,12,4,23,19,4,0.056,0.056,39
Aaron Rome,27,VAN,D,0.09,0.02,0.07,0.89,50,2,109,45.9,-5.4,101.2,43.8,56.3,17:25,975,0:24,56,1,1,0,4,2,2,0,0.036,5
Ales Hemsky,27,EDM,RW,0.89,0.3,0.6,2.13,100,14,183,54.6,2.3,101.9,53.4,46.6,18:17,859,3:13,47,14,12,1,28,19,8,0.021,0.17,42
Ben Eager,27,TOT,LW,0.25,0.1,0.15,1.24,84,8.3,137,61.3,-7.3,101.6,49.9,50.1,10:38,723,0:06,68,7,7,0,10,10,0,0,0,17
Bill Thomas,27,FLA,RW,0.29,0.17,0.13,1.38,33,12.1,46,71.7,-0.3,101.1,46.5,53.5,8:30,204,0:03,24,4,4,0,3,3,0,0,0,7
Boyd Gordon,27,WSH,RW,0.15,0.05,0.1,1.28,77,3.9,129,59.7,-5,98.2,38.8,61.2,13:03,783,0:04,60,3,2,0,6,6,0,0,0,9
Brandon Segal,27,DAL,RW,0.22,0.11,0.11,0.87,40,12.5,78,51.3,-3.3,102.5,52,48,8:17,381,0:18,46,5,5,0,5,5,0,0,0,10
Brooks Laich,27,WSH,C,0.59,0.2,0.39,2.52,207,7.7,349,58.2,2.1,102.1,52.9,47.1,18:25,1511,3:00,82,16,11,4,32,21,9,0.049,0.11,48
Chris Conner,27,PIT,RW,0.27,0.12,0.15,1.52,91,7.7,157,57.3,1.5,100.4,56.4,43.6,11:49,709,0:36,60,7,7,0,9,9,0,0,0,16
Chris Higgins,27,TOT,C,0.45,0.21,0.24,2.58,160,8.1,257,62.3,3.1,99.3,46,54,16:18,1011,1:27,62,13,12,1,15,14,0,0.016,0,28
Chris Thorburn,27,ATL,C,0.23,0.11,0.12,1.39,114,7.9,191,59.2,-5.9,99.6,45.8,54.2,13:48,1131,0:23,82,9,7,2,10,9,1,0.024,0.012,19
Clay Wilson,27,FLA,D,0.33,0.2,0.13,1.47,22,13.6,45,48.9,8.2,102.1,58.3,41.7,14:51,223,2:43,15,3,3,0,2,1,1,0,0.067,5
Cody McCormick,27,BUF,C,0.25,0.1,0.15,1.28,104,7.7,185,56.2,-3.7,99.8,52.1,47.9,10:57,887,0:06,81,8,8,0,12,11,1,0,0.012,20
Dennis Wideman,27,TOT,D,0.53,0.13,0.4,2.13,160,6.3,364,44,-0.6,97.7,51.7,48.3,23:59,1799,4:04,75,10,1,9,30,17,13,0.12,0.173,40
Derek Roy,27,BUF,C,1,0.29,0.71,2.54,89,11.2,151,58.9,-2,99.7,60.5,39.5,19:32,684,3:43,35,10,8,2,25,13,12,0.057,0.343,35
Duncan Keith,27,CHI,D,0.55,0.09,0.46,2.11,173,4,401,43.1,2.5,98,55.8,44.2,26:53:00,2205,2:59,82,7,3,3,38,19,19,0.037,0.232,45
Eric Nystrom,27,MIN,LW,0.15,0.05,0.1,1.01,83,4.8,163,50.9,-7.3,98.8,35.5,64.5,13:19,1091,0:16,82,4,3,1,8,8,0,0.012,0,12
Erik Christensen,27,NYR,C,0.43,0.17,0.25,1.37,86,12.8,166,51.8,-7.3,104,53.3,46.7,12:46,804,2:07,63,11,7,4,16,13,3,0.063,0.048,27
Fedor Tyutin,27,CBJ,D,0.34,0.09,0.25,1.6,128,5.5,260,49.2,3.3,97.5,49.2,50.8,22:42,1816,2:55,80,7,6,1,20,9,11,0.013,0.138,27
Fredrik Sjostrom,27,TOR,RW,0.08,0.03,0.05,0.94,62,3.2,106,58.5,-7.2,99.8,44.7,55.3,11:13,740,0:04,66,2,2,0,3,3,0,0,0,5
Gregory Campbell,27,BOS,C,0.36,0.16,0.2,1.23,98,13.3,172,57,-6.8,101.8,40.8,59.2,13:26,1075,0:13,80,13,11,1,16,12,1,0.013,0.013,29
Ilya Kovalchuk,27,NJD,LW,0.74,0.38,0.36,3.02,245,12.7,461,53.1,-2.9,97.5,57.4,42.6,22:34,1828,4:10,81,31,22,9,29,17,12,0.111,0.148,60
Jason Spezza,27,OTT,C,0.92,0.34,0.58,3.03,188,11.2,344,54.4,2.3,99,47.7,52.3,20:12,1252,3:36,62,21,14,7,36,25,10,0.113,0.161,57
Jay Bouwmeester,27,CGY,D,0.29,0.05,0.24,1.48,121,3.3,270,44.8,-1.6,99.5,51,49,25:59:00,2131,2:46,82,4,3,1,20,13,7,0.012,0.085,24
Jay McClement,27,TOT,C,0.25,0.09,0.16,1.59,127,5.5,216,58.8,-6,96.8,37.9,62.1,16:42,1335,0:06,80,7,6,1,13,12,0,0.013,0,20
Jeff Woywitka,27,DAL,D,0.17,0.03,0.14,1.14,72,2.8,164,43.9,-4.7,102.6,54.4,45.6,17:57,1131,0:36,63,2,1,1,9,8,1,0.016,0.016,11
Jesse Winchester,27,OTT,C,0.18,0.06,0.13,1.64,118,3.4,192,61.5,3.9,96.5,49.4,50.6,10:50,780,0:10,72,4,4,0,9,9,0,0,0,13
Jiri Hudler,27,DET,C,0.51,0.14,0.37,1.44,105,9.5,185,56.8,-2.3,98.5,57.2,42.8,13:40,997,2:14,73,10,7,3,27,18,9,0.041,0.123,37
Joey Crabb,27,TOR,RW,0.31,0.06,0.25,1.06,51,5.9,90,56.7,-5.4,101,43.2,56.8,12:59,623,0:50,48,3,2,0,12,12,0,0,0,15
Joffrey Lupul,27,TOT,C,0.57,0.26,0.31,2.39,129,10.9,221,58.4,-5.1,100.5,48.4,51.6,15:37,844,2:52,54,14,10,4,17,8,9,0.074,0.167,31
Johnny Boychuk,27,BOS,D,0.23,0.04,0.19,2.23,154,1.9,302,51,1.3,101,52.1,47.9,20:30,1415,1:01,69,3,2,1,13,12,1,0.014,0.014,16
Joni Pitkanen,27,CAR,D,0.49,0.07,0.42,2,144,3.5,311,46.3,1.4,100.2,52.6,47.4,25:01:00,1802,4:06,72,5,4,1,30,19,11,0.014,0.153,35
Jordin Tootoo,27,NSH,RW,0.33,0.15,0.19,1.57,85,9.4,151,56.3,-0.4,103.5,49.2,50.8,11:53,641,0:12,54,8,8,0,10,10,0,0,0,18
Jussi Jokinen,27,CAR,LW,0.74,0.27,0.47,1.94,136,14,221,61.5,0.1,101.8,49.5,50.5,17:13,1206,3:27,70,19,11,8,33,23,10,0.114,0.143,52
Kyle Wellwood,27,SJS,C,0.37,0.14,0.23,1.43,50,10,88,56.8,6.9,103,51.2,48.8,13:41,479,0:24,35,5,5,0,8,7,1,0,0.029,13
Lee Stempniak,27,PHX,RW,0.46,0.23,0.23,2.43,199,9.5,354,56.2,-3.3,101.4,42.4,57.6,15:15,1251,1:49,82,19,17,2,19,15,4,0.024,0.049,38
Marcel Goc,27,NSH,C,0.47,0.18,0.29,2.18,111,8.1,178,62.4,-1.2,102.9,44,56,16:02,818,1:01,51,9,8,0,15,15,0,0,0,24
Mark Giordano,27,CGY,D,0.52,0.1,0.43,2.01,165,4.8,388,42.5,3.4,97.4,53.1,46.9,23:08,1898,3:32,82,8,3,5,35,15,20,0.061,0.244,43
Matt Greene,27,LAK,D,0.15,0.03,0.13,0.7,50,4,114,43.9,-2.5,100,48.2,51.8,16:59,1205,0:05,71,2,2,0,9,9,0,0,0,11
Matt Moulson,27,NYI,LW,0.65,0.38,0.27,2.89,237,13.1,397,59.2,2.6,98.9,54.3,45.7,18:52,1547,3:19,82,31,22,9,22,16,6,0.11,0.073,53
Matt Stajan,27,CGY,C,0.41,0.08,0.33,1.07,81,7.4,148,54.7,0.8,98.7,52.9,47.1,14:14,1081,1:03,76,6,5,0,25,23,1,0,0.013,31
Mikhail Grabovski,27,TOR,C,0.72,0.36,0.36,2.95,239,12.1,426,55.6,6.4,101.5,50.3,49.7,19:22,1568,3:08,81,29,19,10,29,24,5,0.123,0.062,58
Mikko Koivu,27,MIN,C,0.87,0.24,0.63,2.69,191,8.9,340,55.9,3.6,101.7,50.2,49.8,19:29,1384,3:13,71,17,9,7,45,30,15,0.099,0.211,62
Milan Jurcina,27,NYI,D,0.37,0.09,0.28,1.65,76,5.3,139,54.7,-6.7,101.7,45.1,54.9,18:04,831,1:10,46,4,2,1,13,8,4,0.022,0.087,17
P.A. Parenteau,27,NYI,LW,0.65,0.25,0.41,1.99,161,12.4,261,61.7,3.2,99.2,56.8,43.2,18:13,1476,3:27,81,20,11,9,33,22,11,0.111,0.136,53
Patrick Dwyer,27,CAR,RW,0.23,0.1,0.13,1.3,104,7.7,179,57,-4.6,99.6,46,54,12:35,1006,0:08,80,8,7,0,10,9,1,0,0.013,18
Peter Harrold,27,LAK,D,0.21,0.05,0.16,0.63,12,8.3,30,40,4.1,101.4,52.5,47.5,12:15,233,0:39,19,1,1,0,3,3,0,0,0,4
Ryan Carter,27,TOT,C,0.15,0.05,0.1,1.02,63,4.8,113,55.8,-1.5,99.7,50.5,49.5,10:01,621,0:03,62,3,3,0,6,5,0,0,0,9
Ryan Shannon,27,OTT,RW,0.34,0.14,0.2,1.49,118,9.3,187,63.1,4.6,99.1,61.7,38.3,12:56,1021,1:12,79,11,5,5,16,12,4,0.063,0.051,27
Ryan Whitney,27,EDM,D,0.77,0.06,0.71,1.23,43,4.7,91,47.3,2.5,106.2,53.8,46.2,25:20:00,887,4:19,35,2,2,0,25,16,7,0,0.2,27
Scottie Upshall,27,TOT,RW,0.41,0.27,0.15,2.33,191,11.5,347,55,4.2,97.8,53,47,14:02,1151,1:08,82,22,20,2,12,11,1,0.024,0.012,34
Shane O'Brien,27,NSH,D,0.11,0.03,0.09,0.63,50,4,105,47.6,-1.8,100.5,46.6,53.4,17:07,1369,0:04,80,2,2,0,7,7,0,0,0,9
Stephen Weiss,27,FLA,C,0.64,0.28,0.37,2.26,172,12.2,283,60.8,-0.3,98.7,47.3,52.7,20:06,1528,3:30,76,21,16,3,28,12,16,0.039,0.211,49
Steve Eminger,27,NYR,D,0.09,0.03,0.06,0.35,23,8.7,60,38.3,-3.8,99.5,51.6,48.4,15:51,1030,0:18,65,2,2,0,4,3,1,0,0.015,6
Tanner Glass,27,VAN,LW,0.14,0.04,0.1,0.62,45,6.7,88,51.1,-14.2,100.5,37.9,62.1,8:56,652,0:05,73,3,3,0,7,7,0,0,0,10
Thomas Vanek,27,BUF,LW,0.91,0.4,0.51,2.98,238,13.4,383,62.1,2.1,100.8,61.5,38.5,17:21,1388,3:15,80,32,21,11,41,24,17,0.138,0.213,73
Trevor Daley,27,DAL,D,0.33,0.1,0.23,1.6,131,6.1,293,44.7,-2.3,102.4,52.5,47.5,22:29,1844,1:55,82,8,6,2,19,16,3,0.024,0.037,27
Tuomo Ruutu,27,CAR,C,0.7,0.23,0.46,1.8,148,12.8,301,48.8,0,102,50.3,49.7,16:50,1380,3:07,82,19,12,7,38,29,9,0.085,0.11,57
Ville Leino,27,PHI,LW,0.65,0.23,0.42,1.44,117,16.2,196,59.7,-2.9,101.9,62.8,37.2,16:01,1297,2:18,81,19,14,5,34,28,6,0.062,0.074,53
Adam Burish,28,DAL,C,0.22,0.13,0.1,1.41,89,9,142,62.7,-6.1,101.4,30.6,69.4,14:21,904,0:09,63,8,8,0,6,6,0,0,0,14
Alex Frolov,28,NYR,LW,0.37,0.16,0.21,1.81,78,9,125,62.4,0.1,102.2,51.5,48.5,14:26,620,2:16,43,7,7,0,9,8,1,0,0.023,16
Andrew Ebbett,28,PHX,C,0.15,0.06,0.09,0.7,23,8.7,45,51.1,0.3,98.6,55,45,10:01,331,0:00,33,2,1,0,3,3,0,0,0,5
Andy Greene,28,NJD,D,0.28,0.05,0.23,1.11,91,4.4,210,43.3,-0.7,96.3,54.1,45.9,22:22,1834,1:16,82,4,3,1,19,14,5,0.012,0.061,23
Antoine Vermette,28,CBJ,C,0.57,0.23,0.34,2.23,183,10.4,320,56.9,3.4,99.5,54.9,45.1,18:49,1543,2:54,82,19,15,3,28,21,7,0.037,0.085,47
Anton Volchenkov,28,NJD,D,0.14,0,0.14,1.14,65,0,132,49.2,-2.8,99.2,51.8,48.2,18:06,1032,0:01,57,0,0,0,8,8,0,0,0,8
Brad Boyes,28,TOT,C,0.66,0.2,0.46,2.14,178,9.6,321,55.5,3,101.1,53.6,46.4,17:00,1410,2:27,83,17,11,6,38,31,7,0.072,0.084,55
Brian Sutherby,28,DAL,C,0.08,0.04,0.04,0.63,32,6.3,56,57.1,-7.3,96.2,47.9,52.1,7:25,378,0:06,51,2,2,0,2,2,0,0,0,4
Carlo Colaiacovo,28,STL,D,0.4,0.09,0.31,1.25,81,7.4,190,42.6,0.5,98.1,59.4,40.6,18:08,1179,2:45,65,6,5,1,20,10,10,0.015,0.154,26
Chad Larose,28,CAR,RW,0.38,0.2,0.18,2.15,176,9.1,322,52.8,1.1,96.6,48.7,51.3,16:01,1313,0:29,82,16,13,2,15,13,1,0.024,0.012,31
Christian Ehrhoff,28,VAN,D,0.63,0.18,0.46,2.65,209,6.7,434,48.2,3.4,101.1,61.1,38.9,23:59,1895,3:33,79,14,8,6,36,13,22,0.076,0.278,50
Chuck Kobasew,28,MIN,RW,0.25,0.14,0.11,1.17,74,12.2,124,59.7,-3.3,100.3,37.5,62.5,11:50,746,0:22,63,9,9,0,7,7,0,0,0,16
Colby Armstrong,28,TOR,RW,0.46,0.16,0.3,1.38,69,11.6,124,55.6,-1.2,100.9,46.4,53.6,16:07,806,0:36,50,8,8,0,15,15,0,0,0,23
Colton Orr,28,TOR,RW,0.04,0.04,0,0.3,14,14.3,27,51.9,-11.8,102.1,45.4,54.6,5:04,233,0:02,46,2,2,0,0,0,0,0,0,2
Curtis Glencross,28,CGY,LW,0.54,0.3,0.24,1.89,149,16.1,252,59.1,3,99.3,51.3,48.7,16:15,1283,1:10,79,24,19,3,19,16,2,0.038,0.025,43
Dan Hamhuis,28,VAN,D,0.36,0.09,0.27,1.7,109,5.5,234,46.6,1.7,102.9,50,50,22:41,1451,1:34,64,6,4,2,17,12,5,0.031,0.078,23
David Steckel,28,TOT,C,0.16,0.08,0.08,1.05,79,7.6,125,60.8,-4.3,97.1,40.5,59.5,11:53,891,0:09,75,6,5,0,6,6,0,0,0,12
Derek Boogaard,28,NYR,LW,0.09,0.05,0.05,0.18,4,25,9,44.4,-9.7,102.8,61.5,38.5,4:33,100,0:00,22,1,1,0,1,1,0,0,0,2
Deryk Engelland,28,PIT,D,0.16,0.05,0.11,0.78,49,6.1,109,45,-4.8,99.4,54.4,45.6,13:20,840,0:00,63,3,3,0,7,7,0,0,0,10
Dustin Penner,28,TOT,RW,0.56,0.28,0.27,2.14,173,13.3,307,56.4,1.4,98.9,50.1,49.9,18:07,1468,3:05,81,23,16,6,22,20,2,0.074,0.025,45
Greg Mauldin,28,COL,C,0.34,0.17,0.17,1.59,46,10.9,74,62.2,6,101,46.2,53.8,10:33,306,0:02,29,5,3,0,5,5,0,0,0,10
Jarret Stoll,28,LAK,C,0.52,0.24,0.28,2.28,187,10.7,336,55.4,0.3,98.7,47.6,52.4,17:10,1407,2:31,82,20,15,4,23,13,8,0.049,0.098,43
Jason Pominville,28,BUF,RW,0.71,0.3,0.41,2.95,215,10.2,353,60.9,4.3,99.5,58.9,41.1,18:09,1325,2:55,73,22,16,5,30,21,9,0.068,0.123,52
Jay Harrison,28,CAR,D,0.14,0.04,0.1,0.68,49,6.1,137,35.8,-0.5,101,42.2,57.8,15:16,1100,0:07,72,3,3,0,7,7,0,0,0,10
Jim Slater,28,ATL,C,0.33,0.14,0.19,1.47,53,9.4,78,67.9,-3,103.7,42.7,57.3,10:35,381,0:08,36,5,5,0,7,7,0,0,0,12
Joe Callahan,28,FLA,D,0.04,0,0.04,0.78,21,0,46,45.7,-3.1,100,49.6,50.4,15:53,429,0:23,27,0,0,0,1,1,0,0,0,1
John Scott,28,CHI,D,0.03,0,0.03,0.38,15,0,33,45.5,-3.3,100.1,58.8,41.2,6:15,250,0:01,40,0,0,0,1,1,0,0,0,1
Keith Ballard,28,VAN,D,0.11,0.03,0.08,0.82,53,3.8,136,39,-5.4,102.2,44.7,55.3,15:54,1034,0:12,65,2,2,0,5,5,0,0,0,7
Marek Svatos,28,TOT,RW,0.29,0.14,0.14,1.79,50,8,80,62.5,-1,100.2,64.8,35.2,11:43,328,1:01,28,4,4,0,4,4,0,0,0,8
Marian Gaborik,28,NYR,RW,0.77,0.35,0.42,3.1,192,11.5,322,59,-3.3,102.8,63,37,18:05,1121,3:09,62,22,15,7,26,17,9,0.113,0.145,48
Mike Cammalleri,28,MTL,C,0.7,0.28,0.42,2.88,193,9.8,342,56.1,-3.2,101.3,51.9,48.1,18:29,1238,3:06,67,19,12,7,28,14,14,0.104,0.209,47
Nick Schultz,28,MIN,D,0.23,0.04,0.19,0.62,46,6.5,116,39.7,2.1,100.8,42.2,57.8,20:13,1496,0:17,74,3,3,0,14,12,1,0,0.014,17
Paul Gaustad,28,BUF,C,0.38,0.15,0.23,1.44,117,10.3,191,61.3,-0.5,101.1,44.2,55.8,15:08,1226,0:48,81,12,11,1,19,17,1,0.012,0.012,31
R.J. Umberger,28,CBJ,C,0.7,0.3,0.39,2.68,220,11.4,361,60.4,-0.2,100.6,53.1,46.9,19:13,1576,3:17,82,25,14,8,32,27,5,0.098,0.061,57
Rich Peverley,28,TOT,C,0.5,0.22,0.28,2.45,201,9,325,61.2,0.4,97.9,46.9,53.1,18:15,1497,2:32,82,18,10,6,23,16,6,0.073,0.073,41
Rostislav Klesla,28,TOT,D,0.18,0.07,0.11,1.1,67,6,139,48.2,-5.6,101.5,45.4,54.6,19:04,1164,0:03,61,4,4,0,7,7,0,0,0,11
Ryane Clowe,28,SJS,LW,0.83,0.32,0.51,2.47,185,13,286,64.7,4.6,100.1,51.6,48.4,17:58,1347,2:15,75,24,19,5,38,30,8,0.067,0.107,62
Scott Hartnell,28,PHI,RW,0.6,0.29,0.3,2.16,177,13.6,290,60.7,-2.5,101.8,53.2,46.8,16:36,1362,2:45,82,24,20,4,25,19,6,0.049,0.073,49
Shaone Morrisonn,28,BUF,D,0.08,0.02,0.06,0.71,44,2.3,86,51.2,-5.2,99.7,50.4,49.6,16:10,1003,0:05,62,1,1,0,4,4,0,0,0,5
Steve Ott,28,DAL,C,0.39,0.15,0.24,1.46,120,10,214,56.1,-3.8,100.5,30.5,69.5,17:09,1407,2:15,82,12,7,3,20,11,7,0.037,0.085,32
Tim Gleason,28,CAR,D,0.2,0.02,0.17,1.02,84,2.4,224,36.6,-5.4,100.5,45.6,54.4,20:58,1719,1:01,82,2,2,0,14,12,1,0,0.012,16
Tim Stapleton,28,ATL,C,0.16,0.11,0.04,0.98,44,11.4,73,57.5,-0.9,95.1,60.2,39.8,11:07,500,0:14,45,5,4,1,2,2,0,0.022,0,7
Tom Gilbert,28,EDM,D,0.33,0.08,0.25,1.34,106,5.7,220,48.6,2.9,97.9,50.5,49.5,24:30:00,1936,2:59,79,6,3,3,20,11,7,0.038,0.089,26
Tomas Kopecky,28,CHI,RW,0.52,0.19,0.33,2.2,178,8.4,295,60.3,-0.1,96.4,58.4,41.6,15:19,1241,2:32,81,15,12,3,27,17,10,0.037,0.123,42
Tomas Plekanec,28,MTL,C,0.74,0.29,0.45,2.95,227,9.7,397,56.9,0.2,101.3,50.2,49.8,20:15,1559,2:55,77,22,18,3,35,19,15,0.039,0.195,57
Travis Moen,28,MTL,LW,0.2,0.08,0.13,1.25,99,6.1,137,72.3,-7.3,99.6,51.8,48.2,13:11,1042,0:03,79,6,5,0,10,10,0,0,0,16
Zbynek Michalek,28,PIT,D,0.26,0.07,0.19,1.42,104,4.8,229,45.4,-1.6,98.2,48.3,51.7,21:50,1594,1:11,73,5,4,1,14,11,3,0.014,0.041,19
Alexandre Burrows,29,VAN,LW,0.67,0.36,0.31,2.11,152,17.1,267,56.9,1,103.1,70.5,29.5,17:02,1226,1:00,72,26,24,1,22,21,0,0.014,0,48
Andrew Alberts,29,VAN,D,0.17,0.02,0.14,0.5,21,4.8,53,39.6,-7.3,101.4,40.6,59.4,15:10,637,0:06,42,1,1,0,6,6,0,0,0,7
Andrew Murray,29,CBJ,C,0.28,0.14,0.14,1.66,48,8.3,73,65.8,1.5,99.8,39,61,11:23,330,0:03,29,4,4,0,4,3,0,0,0,8
Barret Jackman,29,STL,D,0.22,0,0.22,1.08,65,0,151,43,-3,99.6,42.9,57.1,20:48,1248,0:02,60,0,0,0,13,10,0,0,0,13
Brad Winchester,29,TOT,LW,0.21,0.13,0.08,1.18,90,11.1,145,62.1,-6,95.8,49.7,50.3,10:29,797,1:10,76,10,7,3,6,5,1,0.039,0.013,16
Brett Lebda,29,TOR,D,0.1,0.02,0.07,0.83,34,2.9,107,31.8,0.2,95.7,57.1,42.9,13:20,547,2:01,41,1,1,0,3,2,1,0,0.024,4
Dave Moss,29,CGY,LW,0.52,0.29,0.22,2.19,127,13.4,202,63.4,2.7,101.2,54.4,45.6,13:41,794,1:28,58,17,12,5,13,11,2,0.086,0.034,30
David Hale,29,OTT,D,0.2,0.04,0.16,0.8,20,5,35,57.1,0.1,104.5,52.9,47.1,16:19,408,0:00,25,1,1,0,4,4,0,0,0,5
David Koci,29,COL,D,0.03,0.03,0,0.26,9,11.1,15,60,-9.9,96.8,46.2,53.8,4:05,143,0:00,35,1,1,0,0,0,0,0,0,1
Dennis Seidenberg,29,BOS,D,0.4,0.09,0.31,2.05,166,4.2,321,51.7,-5.3,100.4,46.5,53.5,23:33,1907,2:11,81,7,6,1,25,15,10,0.012,0.123,32
Derek MacKenzie,29,CBJ,C,0.37,0.14,0.22,1.21,76,11.8,144,52.8,3.3,103.4,61.3,38.7,10:51,683,0:22,63,9,8,0,14,12,1,0,0.016,23
Johnny Oduya,29,ATL,D,0.21,0.02,0.18,1.1,90,2.2,206,42.2,-5.7,98.2,45.6,54.4,20:43,1699,0:49,82,2,2,0,15,11,4,0,0.049,17
Justin Williams,29,LAK,RW,0.78,0.3,0.48,2.92,213,10.3,386,55.2,7.2,100.9,51.3,48.7,17:15,1259,2:38,73,22,17,5,35,27,8,0.068,0.11,57
Kevin Bieksa,29,VAN,D,0.33,0.09,0.24,1.59,105,5.7,223,47.1,0.5,103.8,45.5,54.5,22:28,1483,1:43,66,6,5,1,16,14,2,0.015,0.03,22
Kurtis Foster,29,EDM,D,0.3,0.11,0.19,2.46,182,4.4,364,50,0.9,99,54.4,45.6,17:40,1307,3:50,74,8,3,5,14,5,9,0.068,0.122,22
Martin Erat,29,NSH,LW,0.78,0.27,0.52,2.11,135,12.6,242,55.8,2.5,102.7,46.9,53.1,18:06,1158,2:33,64,17,10,7,33,25,8,0.109,0.125,50
Martin Havlat,29,MIN,LW,0.79,0.28,0.51,2.94,229,9.6,369,62.1,5.3,99.6,51.4,48.6,18:21,1431,2:52,78,22,19,3,40,29,11,0.038,0.141,62
Matt Hendricks,29,WSH,C,0.32,0.12,0.21,1.47,113,8,185,59.5,-1.6,98.7,51.9,48.1,11:28,882,0:17,77,9,8,1,16,15,1,0.013,0.013,25
Mike Komisarek,29,TOR,D,0.13,0.01,0.12,0.64,48,2.1,149,32.2,-5.2,99.8,41.7,58.3,13:38,1022,0:02,75,1,1,0,9,9,0,0,0,10
Nolan Yonkman,29,PHX,D,0.06,0,0.06,0.5,8,0,14,57.1,-5.5,107.4,37.7,62.3,12:08,194,0:04,16,0,0,0,1,1,0,0,0,1
Patrick Sharp,29,CHI,C,0.96,0.46,0.5,3.62,268,12.7,476,56.3,1.4,98.3,67.5,32.5,19:25,1437,3:22,74,34,20,12,37,22,14,0.162,0.189,71
Paul Martin,29,PIT,D,0.31,0.04,0.27,1.35,104,2.9,206,50.5,3.7,99.5,51.3,48.7,23:22,1799,3:02,77,3,1,2,21,12,8,0.026,0.104,24
Radim Vrbata,29,PHX,RW,0.61,0.24,0.37,3.04,240,7.9,380,63.2,0.9,101.3,49.8,50.2,16:22,1293,3:13,79,19,9,10,29,22,7,0.127,0.089,48
Raffi Torres,29,VAN,LW,0.36,0.18,0.19,1.44,115,12.2,179,64.2,-5.2,101.4,29.7,70.3,12:29,999,0:54,80,14,11,3,15,14,1,0.038,0.013,29
Randy Jones,29,TBL,D,0.21,0.02,0.2,0.85,52,1.9,129,40.3,1.2,97.1,48.5,51.5,17:03,1041,0:11,61,1,1,0,12,12,0,0,0,13
Rene Bourque,29,CGY,LW,0.63,0.34,0.29,2.73,218,12.4,382,57.1,-3.6,98.5,53,47,17:45,1420,3:00,80,27,20,6,23,12,9,0.075,0.113,50
Ron Hainsey,29,ATL,D,0.23,0.04,0.2,1.01,83,3.6,183,45.4,-4.6,100.5,48,52,18:05,1483,0:28,82,3,3,0,16,14,1,0,0.012,19
Taylor Pyatt,29,PHX,LW,0.41,0.24,0.17,1.66,126,14.3,215,58.6,-5.1,102.7,39.3,60.7,15:30,1178,1:07,76,18,16,2,13,11,2,0.026,0.026,31
Tim Connolly,29,BUF,C,0.62,0.19,0.43,2.22,151,8.6,273,55.3,4.9,98.2,55.5,44.5,16:55,1150,2:49,68,13,7,6,29,16,13,0.088,0.191,42
Tim Jackman,29,CGY,RW,0.28,0.12,0.16,1.6,131,7.6,225,58.2,8,99.2,58,42,9:49,806,0:45,82,10,9,1,13,11,2,0.012,0.024,23
Tyler Sloan,29,WSH,D,0.18,0.03,0.15,0.36,12,8.3,29,37.9,-8,97.5,52.4,47.6,12:30,413,0:00,33,1,1,0,5,5,0,0,0,6
Adam Hall,30,TBL,RW,0.22,0.09,0.13,2.04,167,4.2,248,67.3,-5.6,95.7,40.6,59.4,14:51,1218,0:10,82,7,7,0,11,11,0,0,0,18
Alexei Ponikarovsky,30,LAK,LW,0.25,0.08,0.16,1.54,94,5.3,162,58,-0.9,100.6,51.7,48.3,12:36,769,0:55,61,5,4,1,10,8,2,0.016,0.033,15
Antti Miettinen,30,MIN,RW,0.48,0.22,0.26,2.3,168,9.5,282,59.6,3.9,100.6,52.5,47.5,17:02,1243,2:47,73,16,8,8,19,13,6,0.11,0.082,35
Blair Betts,30,PHI,C,0.16,0.07,0.09,0.68,51,9.8,84,60.7,-11.9,98.9,26.6,73.4,10:27,784,0:01,75,5,4,0,7,6,0,0,0,12
Brad Richards,30,DAL,C,1.07,0.39,0.68,3.78,272,10.3,521,52.2,-0.8,103.5,53.9,46.1,21:43,1564,5:20,72,28,21,7,49,27,22,0.097,0.306,77
Brooks Orpik,30,PIT,D,0.21,0.02,0.19,0.89,56,1.8,129,43.4,-4.7,101.8,48,52,20:53,1316,0:06,63,1,1,0,12,9,0,0,0,13
Bryan Allen,30,TOT,D,0.24,0.06,0.18,0.81,58,6.9,143,40.6,-3.6,100.8,44.8,55.2,18:19,1319,0:06,72,4,4,0,13,13,0,0,0,17
Chris Kelly,30,TOT,C,0.35,0.17,0.17,1.4,113,12.4,215,52.6,-0.1,95.9,45.5,54.5,15:25,1249,0:12,81,14,13,0,14,12,0,0,0,28
Daniel Sedin,30,VAN,LW,1.27,0.5,0.77,3.24,266,15.4,451,58.8,4.8,103.5,74.1,25.9,18:33,1521,3:36,82,41,23,18,63,39,24,0.22,0.293,104
Dany Heatley,30,SJS,RW,0.8,0.33,0.48,2.71,217,12,404,53.7,-2.3,101.2,51.3,48.7,19:39,1572,3:13,80,26,14,11,38,18,19,0.138,0.238,64
Darcy Hordichuk,30,FLA,LW,0.08,0.02,0.06,0.5,32,3.1,60,53.3,-1,99.2,54,46,5:04,324,0:00,64,1,1,0,4,4,0,0,0,5
David Legwand,30,NSH,C,0.64,0.27,0.38,2.03,130,13.1,215,60.5,2.2,102.3,42.3,57.7,18:48,1204,1:36,64,17,15,0,24,20,4,0,0.063,41
Dominic Moore,30,TBL,C,0.42,0.23,0.18,2.27,175,10.3,268,65.3,2.6,96,47.2,52.8,15:36,1201,0:54,77,18,12,6,14,13,1,0.078,0.013,32
Douglas Murray,30,SJS,D,0.19,0.01,0.18,1.4,102,1,244,41.8,-4.3,100.4,51.8,48.2,19:37,1432,0:23,73,1,1,0,13,12,1,0,0.014,14
Eric Godard,30,PIT,RW,0.16,0,0.16,0.05,1,0,3,33.3,-7.5,112.2,50,50,5:10,98,0:01,19,0,0,0,3,3,0,0,0,3
Francois Beauchemin,30,TOT,D,0.21,0.06,0.15,1.31,106,4.7,247,42.9,-1.6,99.6,51.1,48.9,23:04,1869,1:39,81,5,4,1,12,10,2,0.012,0.025,17
Freddy Meyer,30,ATL,D,0.13,0.07,0.07,0.73,11,9.1,29,37.9,-8.3,96.5,43.4,56.6,15:16,229,0:06,15,1,1,0,1,1,0,0,0,2
Greg Zanon,30,MIN,D,0.09,0,0.09,0.67,55,0,142,38.7,-4.9,100.8,37.4,62.6,21:33,1767,0:07,82,0,0,0,7,5,1,0,0.012,7
Henrik Sedin,30,VAN,C,1.15,0.23,0.91,1.91,157,12.1,256,60.9,3.6,102.4,71.1,28.9,19:16,1579,3:35,82,19,11,8,75,48,27,0.098,0.329,94
Henrik Zetterberg,30,DET,LW,1,0.3,0.7,3.83,306,7.8,541,56.6,0,99.4,48.4,51.6,19:35,1567,3:15,80,24,14,10,56,35,20,0.125,0.25,80
Jason Williams,30,DAL,C,0.19,0.07,0.11,0.67,18,11.1,45,40,-2.5,99.3,64.8,35.2,8:07,219,0:27,27,2,2,0,3,2,1,0,0.037,5
Jim Vandermeer,30,EDM,D,0.23,0.03,0.19,0.92,57,3.5,141,40.4,1.4,97.6,49.1,50.9,18:12,1128,0:27,62,2,2,0,12,9,2,0,0.032,14
Joel Ward,30,NSH,RW,0.36,0.13,0.24,1.96,157,6.4,245,64.1,0.1,99.4,40.5,59.5,17:04,1366,1:30,80,10,5,5,19,18,0,0.063,0,29
John Erskine,30,WSH,D,0.15,0.05,0.1,0.79,58,6.9,120,45.8,-1.8,99.3,51.8,48.2,14:50,1083,0:03,73,4,4,0,7,7,0,0,0,11
John-Michael Liles,30,COL,D,0.61,0.08,0.53,2.14,163,3.7,357,45.7,0.9,98.7,56.1,43.9,22:01,1673,3:13,76,6,3,3,40,25,15,0.039,0.197,46
Jordan Leopold,30,BUF,D,0.49,0.18,0.31,1.89,134,9.7,273,49.1,-4.3,98.6,54.4,45.6,23:20,1656,2:44,71,13,8,5,22,16,6,0.07,0.085,35
Krys Barch,30,DAL,RW,0.07,0.05,0.02,0.36,16,12.5,23,69.6,-6.9,95.2,63.7,36.3,5:13,230,0:06,44,2,2,0,1,1,0,0,0,3
Manny Malhotra,30,VAN,C,0.42,0.15,0.26,1.54,111,9.9,196,56.6,-9.1,102.4,24.3,75.7,16:10,1164,0:44,72,11,7,3,19,15,3,0.042,0.042,30
Marc-Andre Bergeron,30,TBL,D,0.35,0.09,0.26,1.61,37,5.4,88,42,7.4,91.7,71,29,14:19,329,3:25,23,2,2,0,6,3,3,0,0.13,8
Matt Carkner,30,OTT,D,0.14,0.02,0.12,0.8,40,2.5,71,56.3,1.9,99.3,49.7,50.3,14:53,744,0:01,50,1,1,0,6,5,0,0,0,7
Michael Ryder,30,BOS,RW,0.52,0.23,0.29,2.09,165,10.9,294,55.8,-4.2,100.8,51,49,14:29,1144,2:05,79,18,10,8,23,17,6,0.101,0.076,41
Mike Comrie,30,PIT,C,0.29,0.05,0.24,1.19,25,4,39,64.1,-0.8,95.3,58.2,41.8,11:49,248,2:41,21,1,1,0,5,3,2,0,0.095,6
Mike Fisher,30,TOT,C,0.44,0.23,0.21,2.34,192,9.9,314,60.8,-6.1,98.4,50.1,49.9,18:22,1506,2:23,82,19,15,4,17,7,10,0.049,0.122,36
Mike Ribeiro,30,DAL,C,0.87,0.23,0.63,1.96,161,11.8,286,56.3,0.3,101.1,53.3,46.7,19:58,1637,3:51,82,19,12,7,52,36,16,0.085,0.195,71
Nik Antropov,30,ATL,C,0.54,0.21,0.33,1.38,105,15.2,182,57.7,-5.7,98.7,49.6,50.4,15:39,1189,2:33,76,16,11,5,25,14,11,0.066,0.145,41
Niklas Kronwall,30,DET,D,0.48,0.14,0.34,1.7,131,8.4,263,49.8,0.4,99.7,50.6,49.4,22:52,1761,2:35,77,11,6,5,26,18,8,0.065,0.104,37
Robyn Regehr,30,CGY,D,0.22,0.03,0.19,0.91,72,2.8,174,41.4,-4.8,100.1,49.7,50.3,21:29,1697,0:14,79,2,1,1,15,13,1,0.013,0.013,17
Sean Avery,30,NYR,C,0.32,0.04,0.28,1.8,137,2.2,227,60.4,-2.2,99,52.3,47.7,11:14,854,0:22,76,3,3,0,21,20,1,0,0.013,24
Sheldon Brookbank,30,ANA,D,0,0,0,0.73,29,0,61,47.5,-2.3,96.4,61.1,38.9,13:20,533,0:01,40,0,0,0,0,0,0,0,0,0
Simon Gagne,30,TBL,LW,0.63,0.27,0.37,2.44,154,11,281,54.8,-0.8,98.2,48.3,51.7,16:53,1064,3:06,63,17,10,7,23,15,8,0.111,0.127,40
Steve MacIntyre,30,EDM,LW,0.03,0,0.03,0.18,6,0,10,60,-17.5,101.2,52.3,47.7,3:32,120,0:01,34,0,0,0,1,1,0,0,0,1
Trent Hunter,30,NYI,RW,0.24,0.06,0.18,1.76,30,3.3,68,44.1,0,97.8,47.4,52.6,12:40,215,1:13,17,1,1,0,3,3,0,0,0,4
Vernon Fiddler,30,PHX,C,0.31,0.08,0.23,1.37,97,6.2,163,59.5,-8.2,101.5,35.7,64.3,15:33,1104,0:09,71,6,5,0,16,14,1,0,0.014,22
Vincent Lecavalier,30,TBL,C,0.83,0.38,0.45,3.23,210,11.9,345,60,-1,100.3,45.3,54.7,18:27,1200,3:59,65,25,13,12,29,13,16,0.185,0.246,54
Zenon Konopka,30,NYI,C,0.11,0.02,0.09,0.68,56,3.6,75,73.3,-12.4,99.1,29.5,70.5,10:11,836,0:12,82,2,2,0,7,7,0,0,0,9
Adam Mair,31,NJD,C,0.06,0.02,0.05,0.89,58,1.7,90,64.4,-6.7,93.4,51.1,48.9,9:06,591,0:04,65,1,1,0,3,3,0,0,0,4
Alex Tanguay,31,CGY,LW,0.87,0.28,0.59,1.52,120,18.3,203,58.6,-1.7,100.4,55.9,44.1,19:46,1561,3:39,79,22,19,3,47,30,17,0.038,0.215,69
Andrew Ference,31,BOS,D,0.21,0.04,0.17,1.11,78,3.8,179,43.6,-3,103,50.8,49.2,17:59,1259,0:21,70,3,3,0,12,10,1,0,0.014,15
Brad Stuart,31,DET,D,0.3,0.04,0.25,1.21,81,3.7,164,49.4,-8.1,101,46,54,21:32,1442,0:34,67,3,2,1,17,15,1,0.015,0.015,20
Brian Campbell,31,CHI,D,0.42,0.08,0.34,1.29,84,6,196,42.9,0.1,102.9,60,40,22:59,1494,2:02,65,5,3,2,22,18,4,0.031,0.062,27
Chris Kunitz,31,PIT,LW,0.73,0.35,0.38,2.02,133,17.3,263,50.6,1,102.7,50.5,49.5,18:17,1206,4:10,66,23,15,7,25,20,4,0.106,0.061,48
Chris Neil,31,OTT,RW,0.2,0.08,0.13,1.31,105,5.7,191,55,-0.9,97,50.5,49.5,12:46,1021,0:29,80,6,6,0,10,10,0,0,0,16
Eric Brewer,31,TOT,D,0.21,0.12,0.09,1.45,110,8.2,214,51.4,-3.2,100.5,44.3,55.7,22:03,1675,0:35,76,9,9,0,7,7,0,0,0,16
Francis Lessard,31,OTT,D,0,0,0,0.25,6,0,12,50,3.6,99.2,67.6,32.4,3:51,93,0:00,24,0,0,0,0,0,0,0,0,0
George Parros,31,ANA,RW,0.05,0.04,0.01,0.42,33,9.1,64,51.6,-2.5,98.6,64.3,35.7,6:25,500,0:00,78,3,3,0,1,1,0,0,0,4
Jason Chimera,31,WSH,LW,0.32,0.12,0.2,2,162,6.2,254,63,-3.1,98.5,51.8,48.2,13:15,1074,0:36,81,10,8,2,16,15,1,0.025,0.012,26
Jerred Smithson,31,NSH,C,0.16,0.06,0.1,0.89,73,6.8,138,52.9,-7.6,100.1,32.2,67.8,14:51,1218,0:09,82,5,5,0,8,8,0,0,0,13
Joe Thornton,31,SJS,C,0.88,0.26,0.61,1.86,149,14.1,261,57.1,-0.6,100.6,51.3,48.7,19:52,1590,3:23,80,21,10,9,49,25,24,0.113,0.3,70
Johan Franzen,31,DET,C,0.72,0.37,0.36,3.26,248,11.3,410,60.5,-1.8,100.8,49.8,50.2,17:26,1325,2:49,76,28,18,10,27,20,7,0.132,0.092,55
Kent Huskins,31,SJS,D,0.2,0.04,0.16,0.76,38,5.3,94,40.4,2.9,100.9,50.3,49.7,16:37,831,0:05,50,2,2,0,8,8,0,0,0,10
Mike Commodore,31,CBJ,D,0.3,0.1,0.2,1.6,32,6.3,71,45.1,-0.1,94.1,52.1,47.9,18:34,371,1:43,20,2,2,0,4,1,2,0,0.1,6
Mike Rupp,31,PIT,C,0.21,0.11,0.1,1,81,11.1,144,56.3,-3.9,99.4,56,44,10:03,814,0:47,81,9,9,0,8,7,1,0,0.012,17
Niklas Hagman,31,CGY,LW,0.38,0.15,0.23,1.97,140,7.9,255,54.9,0.1,99.3,51,49,13:38,968,1:43,71,11,7,4,16,13,3,0.056,0.042,27
Pascal Dupuis,31,PIT,LW,0.46,0.21,0.25,2.11,171,9.9,286,59.8,-6,102.1,48.6,51.4,16:52,1366,0:26,81,17,13,0,20,19,0,0,0,37
Patrick Marleau,31,SJS,C,0.89,0.45,0.44,3.4,279,13.3,470,59.4,-1.2,99.5,47,53,20:47,1705,3:20,82,37,24,11,36,20,15,0.134,0.183,73
Paul Mara,31,TOT,D,0.11,0.02,0.09,0.94,50,2,95,52.6,-7.7,102.1,49.8,50.2,18:17,969,0:53,53,1,1,0,5,5,0,0,0,6
Ryan Malone,31,TBL,LW,0.7,0.26,0.44,2.76,149,9.4,205,73.2,2.4,98.3,53.7,46.3,16:02,866,3:14,54,14,5,9,24,15,9,0.167,0.167,38
Scott Gomez,31,MTL,C,0.48,0.09,0.39,1.96,157,4.5,276,56.9,3.8,97.2,54.2,45.8,18:34,1485,2:42,80,7,4,3,31,16,14,0.038,0.175,38
Steve Montador,31,BUF,D,0.36,0.07,0.29,1.62,118,4.2,222,53.2,-3.5,101.6,55.9,44.1,19:43,1440,0:22,73,5,5,0,21,20,1,0,0.014,26
Ales Kotalik,32,CGY,RW,0.23,0.15,0.08,2.38,62,6.5,103,60.2,-6.1,94.6,54.5,45.5,12:22,322,1:26,26,4,3,1,2,1,1,0.038,0.038,6
Arron Asham,32,PIT,RW,0.25,0.11,0.14,1.36,60,8.3,81,74.1,-6.8,99.5,58.1,41.9,9:33,420,0:01,44,5,5,0,6,6,0,0,0,11
Brenden Morrow,32,DAL,LW,0.68,0.4,0.28,2.55,209,15.8,362,57.7,-0.7,101.3,52.8,47.2,19:14,1577,3:45,82,33,23,9,23,19,4,0.11,0.049,56
Brian Gionta,32,MTL,RW,0.56,0.35,0.21,3.63,298,9.7,521,57.2,6.3,99.1,50.4,49.6,19:37,1609,2:53,82,29,20,7,17,13,4,0.085,0.049,46
Chris Phillips,32,OTT,D,0.11,0.01,0.1,0.99,81,1.2,170,47.6,-5.7,96.4,48,52,21:31,1765,0:10,82,1,1,0,8,7,1,0,0.012,9
Cory Sarich,32,CGY,D,0.22,0.05,0.17,0.99,75,5.3,162,46.3,0.4,100.8,48.9,51.1,17:53,1359,0:04,76,4,4,0,13,13,0,0,0,17
Dainius Zubrus,32,NJD,RW,0.38,0.16,0.22,1.46,115,11.3,190,60.5,2.1,97.5,52.3,47.7,17:09,1355,2:24,79,13,12,1,17,14,2,0.013,0.025,30
Dan Cleary,32,DET,LW,0.68,0.38,0.29,2.82,192,13.5,312,61.5,-2.7,99.4,50.8,49.2,16:38,1131,1:32,68,26,21,5,20,17,3,0.074,0.044,46
Derek Morris,32,PHX,D,0.21,0.06,0.14,1.08,83,6,186,44.6,-6,101,49.3,50.7,21:04,1622,0:47,77,5,4,1,11,10,0,0.013,0,16
Erik Cole,32,CAR,LW,0.63,0.32,0.32,2.45,201,12.9,363,54.8,-1.5,101.3,49.3,50.7,18:27,1514,2:43,82,26,22,3,26,20,5,0.037,0.061,52
Henrik Tallinder,32,NJD,D,0.2,0.06,0.13,1.24,102,4.9,202,50.5,2.9,97.9,50.6,49.4,22:32,1848,0:33,82,5,4,0,11,9,2,0,0.024,16
J.P. Dumont,32,NSH,RW,0.27,0.14,0.13,1.27,89,11.2,148,60.1,1.3,100.4,63.6,36.4,11:11,783,1:36,70,10,9,1,9,6,3,0.014,0.043,19
Jan Hejda,32,CBJ,D,0.26,0.06,0.19,1.03,79,6.3,167,47.3,-1.7,98.5,51.5,48.5,21:07,1626,0:08,77,5,5,0,15,14,0,0,0,20
Kristian Huselius,32,CBJ,LW,0.59,0.36,0.23,2.41,94,14.9,176,53.4,3,94.2,63.2,36.8,16:23,639,2:42,39,14,8,6,9,7,2,0.154,0.051,23
Marco Sturm,32,TOT,LW,0.46,0.14,0.31,1.63,57,8.8,98,58.2,-1,101.8,51.4,48.6,14:14,498,1:01,35,5,4,1,11,8,2,0.029,0.057,16
Marian Hossa,32,CHI,RW,0.88,0.38,0.49,3.15,205,12.2,317,64.4,-1.5,100.3,53.3,46.7,19:42,1281,2:42,65,25,15,8,32,20,11,0.123,0.169,57
Matt Bradley,32,WSH,RW,0.18,0.07,0.11,0.95,58,6.9,103,56.3,-4.1,98.1,49.7,50.3,10:29,640,0:05,61,4,4,0,7,7,0,0,0,11
Matt Cooke,32,PIT,LW,0.45,0.18,0.27,1.42,95,12.6,166,57.2,-1.4,101.9,49.6,50.4,15:38,1048,0:48,67,12,9,0,18,15,0,0,0,30
Michal Rozsival,32,TOT,D,0.32,0.09,0.23,0.85,55,10.9,136,40.4,3.3,100.4,47.7,52.3,21:00,1365,2:00,65,6,4,2,15,9,6,0.031,0.092,21
Mike Mottau,32,NYI,D,0.15,0,0.15,1.05,21,0,48,43.8,-3.4,93.5,49,51,20:20,407,2:06,20,0,0,0,3,2,1,0,0.05,3
Mike Weaver,32,FLA,D,0.16,0.02,0.13,0.65,53,3.8,145,36.6,-0.3,99.9,39,61,20:48,1706,0:13,82,2,2,0,11,10,1,0,0.012,13
Nick Boynton,32,TOT,D,0.16,0.02,0.14,0.84,43,2.3,95,45.3,-5.9,99.1,49.1,50.9,14:39,747,0:08,51,1,1,0,7,7,0,0,0,8
Olli Jokinen,32,CGY,C,0.68,0.22,0.47,2.63,208,8.2,368,56.5,-3.2,97.4,52.6,47.4,17:47,1404,3:07,79,17,12,5,37,23,14,0.063,0.177,54
Pavel Datsyuk,32,DET,C,1.05,0.41,0.64,2.45,137,16.8,257,53.3,2.3,101.1,47.9,52.1,19:19,1082,3:10,56,23,16,6,36,24,12,0.107,0.214,59
Rob Scuderi,32,LAK,D,0.18,0.02,0.16,0.56,46,4.3,118,39,-5.2,101,49.6,50.4,20:17,1664,0:03,82,2,2,0,13,13,0,0,0,15
Ruslan Fedotenko,32,NYR,LW,0.38,0.15,0.23,1.82,120,8.3,214,56.1,-2.6,101.7,41,59,15:00,990,0:46,66,10,9,0,15,13,2,0,0.03,25
Scott Hannan,32,TOT,D,0.14,0.01,0.13,0.72,56,1.8,109,51.4,1,99.6,48.2,51.8,19:47,1543,0:07,78,1,1,0,10,9,0,0,0,11
Sergei Samsonov,32,TOT,LW,0.51,0.17,0.35,1.58,123,10.6,206,58.7,0.6,100.4,52.4,47.6,15:27,1205,2:41,78,13,9,4,27,18,9,0.051,0.115,40
Shawn Horcoff,32,EDM,C,0.57,0.19,0.38,1.66,78,11.5,141,55.3,2.8,100.7,50.3,49.7,18:41,878,2:43,47,9,4,5,18,12,5,0.106,0.106,27
Toby Petersen,32,DAL,C,0.1,0.03,0.07,0.97,58,3.4,89,65.2,-4.4,96.8,46.2,53.8,10:02,602,0:05,60,2,0,0,4,4,0,0,0,6
Tom Kostopoulos,32,TOT,RW,0.24,0.11,0.13,1.04,79,10.1,147,53.7,0.4,98.4,51.5,48.5,12:20,938,0:14,76,8,6,2,10,9,1,0.026,0.013,18
Tomas Kaberle,32,TOT,D,0.57,0.05,0.52,1.59,130,3.1,297,43.8,-1.7,101.5,52.1,47.9,22:07,1813,4:03,82,4,4,0,43,18,25,0,0.305,47
Trevor Gillies,32,NYI,LW,0.05,0.05,0,0.23,9,22.2,17,52.9,-20,103.9,47.1,52.9,3:04,120,0:03,39,2,2,0,0,0,0,0,0,2
Andy McDonald,33,STL,C,0.86,0.34,0.52,3.1,180,11.1,280,64.3,2.4,101.6,53.5,46.5,20:02,1162,3:20,58,20,14,5,30,18,12,0.086,0.207,50
Colin White,33,NJD,D,0.09,0,0.09,0.72,50,0,96,52.1,-4.3,99.6,48.1,51.9,18:51,1301,0:02,69,0,0,0,6,5,0,0,0,6
Craig Adams,33,PIT,RW,0.19,0.05,0.14,1.13,90,4.4,138,65.2,-7.8,96.8,49.4,50.6,12:11,975,0:01,80,4,2,0,11,9,0,0,0,15
Daniel Briere,33,PHI,C,0.88,0.44,0.44,3.19,246,13.8,386,63.7,-1.7,102.8,54.2,45.8,18:19,1410,3:03,77,34,28,6,34,25,9,0.078,0.117,68
Eric Belanger,33,PHX,C,0.49,0.16,0.33,1.55,127,10.2,248,51.2,1.3,101.9,46.5,53.5,17:21,1422,1:30,82,13,11,1,27,23,4,0.012,0.049,40
Jarome Iginla,33,CGY,RW,1.05,0.52,0.52,3.52,289,14.9,516,55.6,-0.6,99.9,53.2,46.8,20:56,1717,4:01,82,43,29,14,43,27,16,0.171,0.195,86
Jochen Hecht,33,BUF,C,0.43,0.18,0.25,2.57,172,7,277,62.1,5.7,98.9,58.4,41.6,17:05,1144,1:28,67,12,12,0,17,15,2,0,0.03,29
Joe Corvo,33,CAR,D,0.49,0.13,0.35,2.33,191,5.8,381,49.6,-1.8,99.7,49.3,50.7,24:47:00,2032,4:00,82,11,5,5,29,11,18,0.061,0.22,40
Jon Sim,33,NYI,LW,0.12,0.03,0.09,1.12,38,2.6,59,64.4,-8.2,95.4,36.9,63.1,11:24,388,0:20,34,1,1,0,3,2,1,0,0.029,4
Marc Savard,33,BOS,C,0.4,0.08,0.32,2,50,4,83,60.2,-2.7,97.3,44.6,55.4,15:48,395,2:58,25,2,2,0,8,4,4,0,0.16,10
Marek Zidlicky,33,MIN,D,0.52,0.15,0.37,1.15,53,13.2,141,37.6,-0.2,101.3,46.2,53.8,21:46,1002,3:17,46,7,4,3,17,11,6,0.065,0.13,24
Mark Eaton,33,NYI,D,0.09,0,0.09,0.85,29,0,63,46,-5.4,100.4,39.7,60.3,20:22,692,0:30,34,0,0,0,3,3,0,0,0,3
Marty Reasoner,33,FLA,C,0.39,0.17,0.22,1.51,124,11.3,232,53.4,-1.2,100.7,41.3,58.7,17:10,1407,0:32,82,14,14,0,18,17,1,0,0.012,32
Michal Handzus,33,LAK,C,0.37,0.15,0.22,1.15,94,12.8,175,53.7,-8.1,100.1,43.6,56.4,17:21,1422,2:42,82,12,8,4,18,11,6,0.049,0.073,30
Pavel Kubina,33,TBL,D,0.29,0.05,0.24,0.99,78,5.1,196,39.8,1.7,99.6,49.8,50.2,19:14,1519,2:21,79,4,3,1,19,15,4,0.013,0.051,23
Peter Schaefer,33,VAN,LW,0.13,0.06,0.06,0.63,10,10,22,45.5,-12,100.1,38.8,61.2,9:41,155,0:02,16,1,1,0,1,1,0,0,0,2
Radek Dvorak,33,TOT,RW,0.33,0.11,0.23,1.65,109,6.4,166,65.1,-5.7,100.8,43.1,56.9,16:05,1061,0:13,66,7,6,0,15,15,0,0,0,22
Samuel Pahlsson,33,CBJ,C,0.24,0.09,0.16,1.32,108,6.5,181,59.7,-5.7,97.5,33.6,66.4,15:20,1258,0:04,82,7,6,0,13,13,0,0,0,20
Shawn Thornton,33,BOS,RW,0.25,0.13,0.13,1.91,151,6.6,238,63.4,-4.4,102,47.9,52.1,10:05,796,0:08,79,10,10,0,10,10,0,0,0,20
Stephane Robidas,33,DAL,D,0.37,0.06,0.31,1.31,106,4.7,255,41.6,2.1,99.7,43.7,56.3,24:32:00,1987,2:50,81,5,4,1,25,9,14,0.012,0.173,30
Tom Poti,33,WSH,D,0.33,0.1,0.24,0.95,20,10,40,50,-5.5,96.8,52.1,47.9,18:22,386,1:21,21,2,2,0,5,4,1,0,0.048,7
Toni Lydman,33,ANA,D,0.32,0.04,0.28,1.27,99,3,195,50.8,4.4,105,42.8,57.2,22:10,1729,0:36,78,3,3,0,22,20,2,0,0.026,25
Willie Mitchell,33,LAK,D,0.18,0.09,0.09,1.04,59,8.5,152,38.8,-3.4,100.7,45.4,54.6,21:49,1243,0:06,57,5,4,0,5,5,0,0,0,10
Zdeno Chara,33,BOS,D,0.54,0.17,0.37,3.26,264,5.3,490,53.9,4.3,102.7,46.6,53.4,25:26:00,2060,3:08,81,14,5,8,30,22,7,0.099,0.086,44
Brent Sopel,34,TOT,D,0.1,0.03,0.07,0.62,44,4.5,101,43.6,-7.7,102,47.8,52.2,16:21,1160,0:13,71,2,2,0,5,4,1,0,0.014,7
Brett Clark,34,TBL,D,0.38,0.11,0.27,1.06,87,10.3,209,41.6,1.8,99.8,46.7,53.3,18:53,1548,2:52,82,9,3,6,22,11,11,0.073,0.134,31
Chris Clark,34,CBJ,RW,0.28,0.09,0.19,1.57,83,6,137,60.6,-7.1,99.9,38.6,61.4,14:39,776,0:47,53,5,3,2,10,9,0,0.038,0,15
Chris Drury,34,NYR,C,0.21,0.04,0.17,1.08,26,3.8,55,47.3,-7,101.9,32.8,67.2,12:01,288,0:36,24,1,1,0,4,4,0,0,0,5
Dan Boyle,34,SJS,D,0.66,0.12,0.54,2.62,199,4.5,416,47.8,-1.7,99.9,50.1,49.9,26:14:00,1994,4:17,76,9,5,4,41,18,23,0.053,0.303,50
Ed Jovanovski,34,PHX,D,0.28,0.1,0.18,1.46,73,6.8,152,48,-3.9,100.8,43.1,56.9,20:29,1024,1:12,50,5,4,1,9,7,1,0.02,0.02,14
Eric Boulton,34,ATL,LW,0.14,0.09,0.06,0.74,51,11.8,85,60,-6.5,100.9,50.4,49.6,8:57,618,0:04,69,6,6,0,4,4,0,0,0,10
Fernando Pisani,34,CHI,RW,0.27,0.12,0.15,1.2,72,9.7,123,58.5,-11,100.8,36,64,12:34,754,0:13,60,7,6,1,9,9,0,0.017,0,16
Filip Kuba,34,OTT,D,0.25,0.03,0.22,1.19,76,2.6,176,43.2,-1.4,94.7,55.3,44.7,20:44,1327,2:07,64,2,2,0,14,6,7,0,0.109,16
Jeff Halpern,34,MTL,C,0.36,0.15,0.21,0.86,62,17.7,111,55.9,-6.1,103,43.1,56.9,12:44,917,0:07,72,11,10,0,15,15,0,0,0,26
Jody Shelley,34,PHI,LW,0.07,0.03,0.03,0.53,31,6.5,52,59.6,-11,101.5,38.6,61.4,6:11,359,0:03,58,2,2,0,2,2,0,0,0,4
Lubomir Visnovsky,34,ANA,D,0.84,0.22,0.62,1.88,152,11.8,339,44.8,7.8,102.8,45.1,54.9,24:18:00,1968,4:08,81,18,13,5,50,24,26,0.062,0.321,68
Mathieu Darche,34,MTL,LW,0.44,0.2,0.24,1.53,90,13.3,154,58.4,3.8,101.2,54.3,45.7,11:16,665,1:21,59,12,10,2,14,9,5,0.034,0.085,26
Matt Cullen,34,MIN,C,0.5,0.15,0.35,1.92,150,8,287,52.3,-2.8,99.4,42.1,57.9,18:02,1406,3:07,78,12,3,5,27,11,16,0.064,0.205,39
Mattias Ohlund,34,TBL,D,0.07,0,0.07,0.54,39,0,102,38.2,-8.9,99.4,38.8,61.2,18:43,1348,0:11,72,0,0,0,5,4,1,0,0.014,5
Mikael Samuelsson,34,VAN,RW,0.67,0.24,0.43,2.87,215,8.4,382,56.3,3.1,100.5,49.5,50.5,16:38,1247,2:29,75,18,13,5,32,18,14,0.067,0.187,50
Milan Hejduk,34,COL,RW,0.79,0.31,0.48,2.39,170,12.9,254,66.9,-1.9,97.6,54.3,45.7,17:55,1273,3:02,71,22,12,10,34,20,14,0.141,0.197,56
Patrik Elias,34,NJD,LW,0.77,0.26,0.51,2.52,204,10.3,349,58.5,6.5,97.6,51.8,48.2,18:38,1510,2:45,81,21,13,7,41,28,13,0.086,0.16,62
Radek Martinek,34,NYI,D,0.25,0.05,0.2,1.52,97,3.1,210,46.2,-4.8,99.1,44,56,20:51,1334,0:33,64,3,2,1,13,13,0,0.016,0,16
Ryan Johnson,34,CHI,C,0.18,0.03,0.15,0.74,25,4,36,69.4,-7,98.2,32.5,67.5,10:21,352,0:01,34,1,1,0,5,5,0,0,0,6
Ryan Smyth,34,LAK,LW,0.57,0.28,0.29,2.38,195,11.8,307,63.5,3.2,99.9,51.5,48.5,18:02,1479,2:57,82,23,14,9,24,19,5,0.11,0.061,47
Shane Doan,34,PHX,RW,0.83,0.28,0.56,3.07,221,9,401,54.9,2,101.1,49.9,50.1,19:17,1389,3:45,72,20,9,11,40,30,10,0.153,0.139,60
Steve Reinprecht,34,FLA,C,0.34,0.14,0.21,1.07,31,12.9,49,63.3,0,98,54.1,45.9,11:46,341,0:29,29,4,3,1,6,6,0,0.034,0,10
Wade Belak,34,NSH,D,0,0,0,0.27,4,0,5,80,-19.5,97.1,48.1,51.9,3:47,57,0:00,15,0,0,0,0,0,0,0,0,0
Andreas Lilja,35,ANA,D,0.13,0.02,0.12,0.6,31,3.2,60,51.7,-7.6,97.4,50.3,49.7,17:26,907,0:01,52,1,1,0,6,6,0,0,0,7
Andy Sutton,35,ANA,D,0.1,0,0.1,0.79,31,0,51,60.8,-4.4,101.1,53.5,46.5,14:45,575,0:05,39,0,0,0,4,1,1,0,0.026,4
Brendan Morrison,35,CGY,C,0.65,0.14,0.52,1.35,89,10.1,149,59.7,-4,102.8,49.3,50.7,16:42,1102,2:19,66,9,5,3,34,24,9,0.045,0.136,43
Bryan McCabe,35,TOT,D,0.42,0.1,0.31,1.82,122,5.7,250,48.8,-2.5,101.1,55.4,44.6,19:34,1311,3:37,67,7,3,4,21,12,9,0.06,0.134,28
Ethan Moreau,35,CBJ,LW,0.16,0.03,0.14,1.51,56,1.8,99,56.6,-10.1,96.6,39.1,60.9,12:29,462,0:04,37,1,1,0,5,4,1,0,0.027,6
Francis Bouillon,35,NSH,D,0.23,0.02,0.2,1.07,47,2.1,108,43.5,-8.6,101.3,43.4,56.6,20:14,890,1:16,44,1,1,0,9,7,2,0,0.045,10
Hal Gill,35,MTL,D,0.12,0.03,0.09,0.83,62,3.2,135,45.9,-3.8,98.5,45.9,54.1,19:49,1486,0:03,75,2,2,0,7,6,0,0,0,9
Jamie Langenbrunner,35,TOT,RW,0.46,0.13,0.33,2.19,153,5.9,272,56.3,1.5,97.1,51.3,48.7,17:26,1221,2:25,70,9,8,1,23,17,6,0.014,0.086,32
Jarkko Ruutu,35,TOT,LW,0.16,0.04,0.12,0.9,66,4.5,122,54.1,1.5,98.5,54.3,45.7,11:22,830,0:03,73,3,3,0,9,8,0,0,0,12
Jason Strudwick,35,EDM,D,0.05,0,0.05,0.21,9,0,36,25,-9.3,96.4,53.4,46.6,15:04,648,0:00,43,0,0,0,2,2,0,0,0,2
Kimmo Timonen,35,PHI,D,0.45,0.07,0.38,1.79,147,4.1,290,50.7,0.1,99.8,50,50,22:28,1843,3:19,82,6,3,1,31,16,15,0.012,0.183,37
Martin St. Louis*,35,TBL,RW,1.21,0.38,0.83,3.1,254,12.2,450,56.4,-2.3,101.5,48.2,51.8,20:59,1720,4:31,82,31,27,4,68,31,37,0.049,0.451,99
Niclas Wallin,35,SJS,D,0.11,0.04,0.07,1.16,86,3.5,174,49.4,-5.8,99.3,49.4,50.6,15:50,1172,0:07,74,3,3,0,5,5,0,0,0,8
Todd Bertuzzi,35,DET,RW,0.56,0.2,0.36,1.7,138,11.6,239,57.7,-5.9,99.1,51,49,15:57,1293,1:35,81,16,14,2,29,24,5,0.025,0.062,45
Todd White,35,NYR,C,0.11,0.06,0.06,0.61,11,9.1,19,57.9,-13.7,97.9,47.9,52.1,7:41,138,0:26,18,1,1,0,1,0,0,0,0,2
Vinny Prospal,35,NYR,C,0.79,0.31,0.48,2.1,61,14.8,90,67.8,-7.6,103,67.5,32.5,15:20,445,3:08,29,9,7,2,14,6,8,0.069,0.276,23
Chris Pronger*,36,PHI,D,0.5,0.08,0.42,2.24,112,3.6,242,46.3,-2.7,100.6,50.6,49.4,22:30,1125,3:42,50,4,1,3,21,9,11,0.06,0.22,25
Craig Rivet,36,TOT,D,0.11,0.05,0.05,0.89,33,6.1,74,44.6,-3.7,95.1,56.5,43.5,14:41,543,0:57,37,2,2,0,2,2,0,0,0,4
Fredrik Modin,36,TOT,LW,0.25,0.18,0.08,1.35,54,13,84,61.9,-2.7,95.9,49.5,50.5,11:36,464,0:28,40,7,6,0,3,3,0,0,0,10
Jamal Mayers,36,SJS,RW,0.18,0.04,0.14,0.79,62,4.8,107,57.9,-9.3,101.4,54.8,45.2,8:53,693,0:01,78,3,3,0,11,11,0,0,0,14
Jaroslav Spacek,36,MTL,D,0.27,0.02,0.25,1.1,65,1.5,171,38,-2.1,101.5,49.8,50.2,19:15,1135,1:20,59,1,1,0,15,11,3,0,0.051,16
Jason Arnott,36,TOT,C,0.42,0.23,0.19,2.32,169,10.1,288,58.7,2.5,97.9,54.6,45.4,15:31,1133,2:07,73,17,13,4,14,10,4,0.055,0.055,31
Karlis Skrastins,36,DAL,D,0.11,0.04,0.07,0.41,30,10,87,34.5,-5.2,101.1,45.1,54.9,17:57,1328,0:02,74,3,3,0,5,4,0,0,0,8
Mike Grier,36,BUF,RW,0.22,0.07,0.15,1.47,107,4.7,165,64.8,-6,100.2,44.7,55.3,14:24,1051,0:09,73,5,5,0,11,11,0,0,0,16
Rob Niedermayer,36,BUF,C,0.27,0.07,0.2,1.13,80,6.3,121,66.1,-6.2,98.7,48.4,51.6,12:46,906,0:07,71,5,5,0,14,14,0,0,0,19
Roman Hamrlik,36,MTL,D,0.43,0.06,0.37,1.63,129,3.9,276,46.7,-1.5,100.2,51.1,48.9,22:17,1760,2:33,79,5,3,2,29,16,13,0.025,0.165,34
Ruslan Salei,36,DET,D,0.13,0.03,0.11,1,75,2.7,161,46.6,-2.2,99,56.6,43.4,17:58,1347,0:04,75,2,2,0,8,8,0,0,0,10
Saku Koivu,36,ANA,C,0.6,0.2,0.4,1.39,104,14.4,189,55,-2.5,101.1,42.2,57.8,19:08,1435,2:15,75,15,11,4,30,19,11,0.053,0.147,45
Sami Salo,36,VAN,D,0.26,0.11,0.15,1.44,39,7.7,81,48.1,-9.9,99.4,53.9,46.1,20:21,549,1:54,27,3,2,1,4,2,2,0.037,0.074,7
Scott Nichol,36,SJS,C,0.13,0.07,0.05,1.09,61,6.6,86,70.9,-10.8,99.9,38.5,61.5,9:45,546,0:01,56,4,4,0,3,3,0,0,0,7
Sergei Gonchar,36,OTT,D,0.4,0.1,0.3,1.6,107,6.5,260,41.2,-0.8,98,54.1,45.9,23:12,1554,3:58,67,7,2,5,20,5,15,0.075,0.224,27
Steve Sullivan,36,NSH,C,0.5,0.23,0.27,1.8,79,12.7,133,59.4,-0.2,101.5,56.3,43.7,16:02,705,2:43,44,10,7,3,12,8,4,0.068,0.091,22
Adrian Aucoin,37,PHX,D,0.29,0.04,0.25,1.32,99,3,233,42.5,-1,102.4,45.5,54.5,21:40,1625,0:52,75,3,3,0,19,17,2,0,0.027,22
Alex Kovalev,37,TOT,RW,0.46,0.22,0.24,2.04,151,10.6,304,49.7,-1.8,99.4,54.1,45.9,16:31,1222,2:43,74,16,10,6,18,14,4,0.081,0.054,34
Andrew Brunette,37,MIN,LW,0.56,0.22,0.34,1.43,117,15.4,154,76,1.4,100.3,52.4,47.6,16:48,1378,3:06,82,18,10,8,28,18,10,0.098,0.122,46
Brian Rafalski,37,DET,D,0.76,0.06,0.7,1.68,106,3.8,218,48.6,4.4,99.8,55.4,44.6,20:25,1287,3:32,63,4,4,0,44,27,17,0,0.27,48
Brian Rolston,37,NJD,C,0.52,0.22,0.31,2.58,168,8.3,291,57.7,5.5,98.1,50.3,49.7,17:36,1144,2:29,65,14,8,6,20,14,5,0.092,0.077,34
Cory Stillman,37,TOT,LW,0.6,0.18,0.42,1.78,116,10.3,218,53.2,-4,103.4,47.8,52.2,16:55,1099,3:13,65,12,9,3,27,18,9,0.046,0.138,39
Jason Blake,37,ANA,C,0.42,0.21,0.21,2.46,187,8.6,286,65.4,1.7,100,52.8,47.2,14:46,1122,1:29,76,16,13,3,16,12,4,0.039,0.053,32
John Madden,37,MIN,C,0.33,0.16,0.17,1.41,107,11.2,185,57.8,-5.6,100.8,33.2,66.8,15:20,1166,0:19,76,12,10,1,13,12,1,0.013,0.013,25
Steve Staios,37,CGY,D,0.26,0.08,0.18,0.59,23,13,55,41.8,-2.2,101.7,58.4,41.6,14:43,574,0:13,39,3,2,0,7,7,0,0,0,10
Todd Marchant,37,ANA,C,0.1,0.01,0.09,0.8,63,1.6,114,55.3,-8.3,96,39.1,60.9,13:17,1050,0:02,79,1,1,0,7,5,1,0,0.013,8
Daniel Alfredsson,38,OTT,RW,0.57,0.26,0.31,1.78,96,14.6,187,51.3,-2.5,96.3,52.8,47.2,19:17,1041,3:10,54,14,7,7,17,12,5,0.13,0.093,31
Jassen Cullimore,38,CHI,D,0.22,0,0.22,0.61,22,0,55,40,-5.9,100.3,57.4,42.6,12:38,455,0:03,36,0,0,0,8,8,0,0,0,8
Mike Knuble,38,WSH,RW,0.51,0.3,0.2,2.57,203,11.8,306,65.4,-0.3,100.9,54.5,45.5,17:53,1413,2:19,79,24,16,7,16,10,5,0.089,0.063,40
Ray Whitney,38,PHX,LW,0.76,0.23,0.53,2.08,156,10.9,283,55.1,2.6,100.2,54.4,45.6,16:57,1272,3:28,75,17,14,3,40,17,23,0.04,0.307,57
Tomas Holmstrom,38,DET,LW,0.51,0.25,0.26,1.71,125,14.4,200,62.5,1.9,98.5,53.5,46.5,14:48,1081,3:05,73,18,8,10,19,9,10,0.137,0.137,37
Adam Foote,39,COL,D,0.17,0,0.17,0.49,23,0,41,56.1,-7.6,99.3,39.5,60.5,17:56,842,0:08,47,0,0,0,8,8,0,0,0,8
Craig Conroy,39,CGY,C,0.11,0.11,0,0.61,11,18.2,20,55,5.3,98.3,50.6,49.4,9:18,167,0:03,18,2,2,0,0,0,0,0,0,2
Kris Draper,39,DET,C,0.23,0.13,0.11,1.21,57,10.5,89,64,-2.3,98.6,47.7,52.3,10:27,491,0:02,47,6,6,0,5,5,0,0,0,11
Sean O'Donnell,39,PHI,D,0.22,0.01,0.21,0.42,34,2.9,92,37,-7.4,101.7,44.1,55.9,15:33,1259,0:02,81,1,1,0,17,16,0,0,0,18
Doug Weight,40,NYI,C,0.5,0.11,0.39,1.44,26,7.7,54,48.1,-4.7,99.7,48.6,51.4,17:32,315,4:58,18,2,1,1,7,3,4,0.056,0.222,9
Mike Modano*,40,DET,C,0.38,0.1,0.28,1.98,79,5.1,138,57.2,-2.4,99.4,55.5,44.5,12:27,498,2:32,40,4,3,1,11,6,5,0.025,0.125,15
Nicklas Lidstrom*,40,DET,D,0.76,0.2,0.56,2.13,175,9.1,357,49,-4.3,100,49,51,23:28,1924,4:03,82,16,9,7,46,13,32,0.085,0.39,62
Teemu Selanne*,40,ANA,RW,1.1,0.42,0.67,2.92,213,14.6,320,65.9,-0.8,102.8,46.2,53.8,17:56,1310,3:27,73,31,15,16,49,31,18,0.219,0.247,80
Mark Recchi*,42,BOS,RW,0.59,0.17,0.42,1.63,132,10.6,211,62.6,-1.2,102.5,47.4,52.6,16:06,1304,2:41,81,14,8,6,34,22,11,0.074,0.136,48
